{
  "type": "FeatureCollection",
  "features": [
    {
      "type": "Feature",
      "geometry": {
        "type": "Point",
        "coordinates": [
          -73.94136,
          40.817932
        ]
      },
      "properties": {
        "shortDescription": "ADAM CLAYTON",
        "longDescription": "ADAM CLAYTON",
        "id": "195500286198:en-US",
        "hasIndoorDining": true,
        "isTwentyFourHours": true,
        "addressLine1": "2379 Adam Clayton Powell Jr Blvd",
        "addressLine3": "New York",
        "addressLine4": "United States",
        "subDivision": "NY",
        "postcode": "10030",
        "customAddress": "New York, NY 10030",
        "telephone": "(212) 283-0559",
        "restaurantHoursMonday": "06:00 - 00:00",
        "restaurantHoursTuesday": "06:00 - 00:00",
        "restaurantHoursWednesday": "06:00 - 00:00",
        "restaurantHoursThursday": "06:00 - 00:00",
        "restaurantHoursFriday": "06:00 - 00:00",
        "restaurantHoursSaturday": "06:00 - 00:00",
        "restaurantHoursSunday": "06:00 - 00:00",
        "nationalStoreNumber": "17630",
        "entityId": "20840",
        "regionId": "30",
        "coOp": "STAMFORD FIELD OFFICE",
        "coOpId": "246",
        "CoOpName": "NEW YORK METRO",
        "driveThru": true,
        "outDoorPlayGround": true,
        "indoorPlayGround": true,
        "breakfast": false,
        "nightMenu": true,
        "timeZone": "(GMT-05:00) Eastern Time (US & Canada)"
      }
    },
    {
      "type": "Feature",
      "geometry": {
        "type": "Point",
        "coordinates": [
          -73.947756,
          40.808569
        ]
      },
      "properties": {
        "shortDescription": "125TH   7T",
        "longDescription": "125TH & 7TH AVENUE",
        "id": "195500754215:en-US",
        "hasIndoorDining": true,
        "isTwentyFourHours": true,
        "addressLine1": "148 W 125th Street",
        "addressLine3": "New York",
        "addressLine4": "United States",
        "subDivision": "NY",
        "postcode": "10029",
        "customAddress": "New York, NY 10029",
        "telephone": "(646) 998-3697",
        "restaurantHoursMonday": "00:00 - 00:00",
        "restaurantHoursTuesday": "00:00 - 00:00",
        "restaurantHoursWednesday": "00:00 - 00:00",
        "restaurantHoursThursday": "00:00 - 00:00",
        "restaurantHoursFriday": "00:00 - 00:00",
        "restaurantHoursSaturday": "00:00 - 00:00",
        "restaurantHoursSunday": "00:00 - 00:00",
        "nationalStoreNumber": "35741",
        "entityId": "196560",
        "regionId": "30",
        "coOp": "STAMFORD FIELD OFFICE",
        "coOpId": "246",
        "CoOpName": "NEW YORK METRO",
        "driveThru": true,
        "outDoorPlayGround": true,
        "indoorPlayGround": true,
        "breakfast": false,
        "nightMenu": true,
        "timeZone": "(GMT-05:00) Eastern Time (US & Canada)"
      }
    },
    {
      "type": "Feature",
      "geometry": {
        "type": "Point",
        "coordinates": [
          -73.927055,
          40.819809
        ]
      },
      "properties": {
        "shortDescription": "GRAND CONCOURSE",
        "longDescription": "GRAND CONCOURSE",
        "id": "195500285566:en-US",
        "hasIndoorDining": true,
        "isTwentyFourHours": true,
        "addressLine1": "597-99 Grand Concourse",
        "addressLine3": "Bronx",
        "addressLine4": "United States",
        "subDivision": "NY",
        "postcode": "10451",
        "customAddress": "Bronx, NY 10451",
        "telephone": "(718) 402-8608",
        "restaurantHoursMonday": "00:00 - 00:00",
        "restaurantHoursTuesday": "00:00 - 00:00",
        "restaurantHoursWednesday": "00:00 - 00:00",
        "restaurantHoursThursday": "00:00 - 00:00",
        "restaurantHoursFriday": "00:00 - 00:00",
        "restaurantHoursSaturday": "00:00 - 00:00",
        "restaurantHoursSunday": "00:00 - 00:00",
        "nationalStoreNumber": "13508",
        "entityId": "20652",
        "regionId": "30",
        "coOp": "STAMFORD FIELD OFFICE",
        "coOpId": "246",
        "CoOpName": "NEW YORK METRO",
        "driveThru": true,
        "outDoorPlayGround": true,
        "indoorPlayGround": true,
        "breakfast": false,
        "nightMenu": true,
        "timeZone": "(GMT-05:00) Eastern Time (US & Canada)"
      }
    },
    {
      "type": "Feature",
      "geometry": {
        "type": "Point",
        "coordinates": [
          -73.95063,
          40.826694
        ]
      },
      "properties": {
        "shortDescription": "145TH BDWY",
        "longDescription": "145TH B-WAY",
        "id": "195500282749:en-US",
        "hasIndoorDining": true,
        "isTwentyFourHours": true,
        "addressLine1": "3543-49 Broadway",
        "addressLine3": "New York",
        "addressLine4": "United States",
        "subDivision": "NY",
        "postcode": "10031",
        "customAddress": "New York, NY 10031",
        "telephone": "(212) 491-6860",
        "restaurantHoursMonday": "00:00 - 00:00",
        "restaurantHoursTuesday": "00:00 - 00:00",
        "restaurantHoursWednesday": "00:00 - 00:00",
        "restaurantHoursThursday": "00:00 - 00:00",
        "restaurantHoursFriday": "00:00 - 00:00",
        "restaurantHoursSaturday": "00:00 - 00:00",
        "restaurantHoursSunday": "00:00 - 00:00",
        "nationalStoreNumber": "3081",
        "entityId": "19555",
        "regionId": "30",
        "coOp": "STAMFORD FIELD OFFICE",
        "coOpId": "246",
        "CoOpName": "NEW YORK METRO",
        "driveThru": true,
        "outDoorPlayGround": true,
        "indoorPlayGround": true,
        "breakfast": false,
        "nightMenu": true,
        "timeZone": "(GMT-05:00) Eastern Time (US & Canada)"
      }
    },
    {
      "type": "Feature",
      "geometry": {
        "type": "Point",
        "coordinates": [
          -73.953039,
          40.81078
        ]
      },
      "properties": {
        "shortDescription": "354 WEST 125TH",
        "longDescription": "354 WEST 125TH",
        "id": "195500286266:en-US",
        "hasIndoorDining": true,
        "isTwentyFourHours": true,
        "addressLine1": "354 W 125th St",
        "addressLine3": "New York",
        "addressLine4": "United States",
        "subDivision": "NY",
        "postcode": "10027",
        "customAddress": "New York, NY 10027",
        "telephone": "(646) 850-3553",
        "restaurantHoursMonday": "06:00 - 23:00",
        "restaurantHoursTuesday": "06:00 - 23:00",
        "restaurantHoursWednesday": "06:00 - 23:00",
        "restaurantHoursThursday": "06:00 - 00:00",
        "restaurantHoursFriday": "06:00 - 00:00",
        "restaurantHoursSaturday": "06:00 - 00:00",
        "restaurantHoursSunday": "06:00 - 23:00",
        "nationalStoreNumber": "18093",
        "entityId": "20855",
        "regionId": "30",
        "coOp": "STAMFORD FIELD OFFICE",
        "coOpId": "246",
        "CoOpName": "NEW YORK METRO",
        "driveThru": true,
        "outDoorPlayGround": true,
        "indoorPlayGround": true,
        "breakfast": false,
        "nightMenu": true,
        "timeZone": "(GMT-05:00) Eastern Time (US & Canada)"
      }
    },
    {
      "type": "Feature",
      "geometry": {
        "type": "Point",
        "coordinates": [
          -73.95857,
          40.815821
        ]
      },
      "properties": {
        "shortDescription": "125TH BRDW",
        "longDescription": "125TH ST & BROADWAY RBD",
        "id": "195500844817:en-US",
        "hasIndoorDining": true,
        "isTwentyFourHours": true,
        "addressLine1": "600a W. 125 Street Broadway",
        "addressLine3": "New York",
        "addressLine4": "United States",
        "subDivision": "NY",
        "postcode": "10027",
        "customAddress": "New York, NY 10027",
        "telephone": "(347) 758-5929",
        "restaurantHoursMonday": "06:00 - 23:00",
        "restaurantHoursTuesday": "06:00 - 23:00",
        "restaurantHoursWednesday": "06:00 - 23:00",
        "restaurantHoursThursday": "06:00 - 00:00",
        "restaurantHoursFriday": "06:00 - 00:00",
        "restaurantHoursSaturday": "06:00 - 00:00",
        "restaurantHoursSunday": "06:00 - 23:00",
        "nationalStoreNumber": "39596",
        "entityId": "223961",
        "regionId": "30",
        "coOp": "STAMFORD FIELD OFFICE",
        "coOpId": "246",
        "CoOpName": "NEW YORK METRO",
        "driveThru": true,
        "outDoorPlayGround": true,
        "indoorPlayGround": true,
        "breakfast": false,
        "nightMenu": true,
        "timeZone": "(GMT-05:00) Eastern Time (US & Canada)"
      }
    },
    {
      "type": "Feature",
      "geometry": {
        "type": "Point",
        "coordinates": [
          -73.922245,
          40.81743
        ]
      },
      "properties": {
        "shortDescription": "279 E. 149TH ST.",
        "longDescription": "279 E. 149TH ST.",
        "id": "195500548678:en-US",
        "hasIndoorDining": true,
        "isTwentyFourHours": true,
        "addressLine1": "279 E 149th St",
        "addressLine3": "Bronx",
        "addressLine4": "United States",
        "subDivision": "NY",
        "postcode": "10451",
        "customAddress": "Bronx, NY 10451",
        "telephone": "(718) 292-8812",
        "restaurantHoursMonday": "00:00 - 00:00",
        "restaurantHoursTuesday": "00:00 - 00:00",
        "restaurantHoursWednesday": "00:00 - 00:00",
        "restaurantHoursThursday": "00:00 - 00:00",
        "restaurantHoursFriday": "00:00 - 00:00",
        "restaurantHoursSaturday": "00:00 - 00:00",
        "restaurantHoursSunday": "00:00 - 00:00",
        "nationalStoreNumber": "33242",
        "entityId": "182430",
        "regionId": "30",
        "coOp": "STAMFORD FIELD OFFICE",
        "coOpId": "246",
        "CoOpName": "NEW YORK METRO",
        "driveThru": true,
        "outDoorPlayGround": true,
        "indoorPlayGround": true,
        "breakfast": false,
        "nightMenu": true,
        "timeZone": "(GMT-05:00) Eastern Time (US & Canada)"
      }
    },
    {
      "type": "Feature",
      "geometry": {
        "type": "Point",
        "coordinates": [
          -73.92535,
          40.827963
        ]
      },
      "properties": {
        "shortDescription": "BRONX-161ST ST.",
        "longDescription": "BRONX-161ST ST.",
        "id": "195500283555:en-US",
        "hasIndoorDining": true,
        "isTwentyFourHours": true,
        "addressLine1": "51-67 E 161st St",
        "addressLine3": "Bronx",
        "addressLine4": "United States",
        "subDivision": "NY",
        "postcode": "10451",
        "customAddress": "Bronx, NY 10451",
        "telephone": "(718) 590-1990",
        "restaurantHoursMonday": "05:00 - 00:00",
        "restaurantHoursTuesday": "05:00 - 00:00",
        "restaurantHoursWednesday": "05:00 - 00:00",
        "restaurantHoursThursday": "05:00 - 00:00",
        "restaurantHoursFriday": "05:00 - 01:00",
        "restaurantHoursSaturday": "05:00 - 01:00",
        "restaurantHoursSunday": "05:00 - 00:00",
        "nationalStoreNumber": "5016",
        "entityId": "19767",
        "regionId": "30",
        "coOp": "STAMFORD FIELD OFFICE",
        "coOpId": "246",
        "CoOpName": "NEW YORK METRO",
        "driveThru": true,
        "outDoorPlayGround": true,
        "indoorPlayGround": true,
        "breakfast": false,
        "nightMenu": true,
        "timeZone": "(GMT-05:00) Eastern Time (US & Canada)"
      }
    },
    {
      "type": "Feature",
      "geometry": {
        "type": "Point",
        "coordinates": [
          -73.925667,
          40.80632
        ]
      },
      "properties": {
        "shortDescription": "BRONX-85 BRUCKNR",
        "longDescription": "BRONX-85 BRUCKNR",
        "id": "195500283708:en-US",
        "hasIndoorDining": true,
        "isTwentyFourHours": true,
        "addressLine1": "85 Bruckner Blvd",
        "addressLine3": "Bronx",
        "addressLine4": "United States",
        "subDivision": "NY",
        "postcode": "10454",
        "customAddress": "Bronx, NY 10454",
        "telephone": "(718) 585-8368",
        "restaurantHoursMonday": "06:00 - 00:00",
        "restaurantHoursTuesday": "06:00 - 00:00",
        "restaurantHoursWednesday": "06:00 - 00:00",
        "restaurantHoursThursday": "06:00 - 00:00",
        "restaurantHoursFriday": "06:00 - 01:00",
        "restaurantHoursSaturday": "06:00 - 01:00",
        "restaurantHoursSunday": "06:00 - 00:00",
        "nationalStoreNumber": "5632",
        "entityId": "19851",
        "regionId": "30",
        "coOp": "STAMFORD FIELD OFFICE",
        "coOpId": "246",
        "CoOpName": "NEW YORK METRO",
        "driveThru": true,
        "outDoorPlayGround": true,
        "indoorPlayGround": true,
        "breakfast": false,
        "nightMenu": true,
        "timeZone": "(GMT-05:00) Eastern Time (US & Canada)"
      }
    },
    {
      "type": "Feature",
      "geometry": {
        "type": "Point",
        "coordinates": [
          -73.944335,
          40.835319
        ]
      },
      "properties": {
        "shortDescription": "158TH AND BROADW",
        "longDescription": "158TH AND BROADWAY",
        "id": "195500616889:en-US",
        "hasIndoorDining": true,
        "isTwentyFourHours": true,
        "addressLine1": "3809 Broadway",
        "addressLine3": "New York",
        "addressLine4": "United States",
        "subDivision": "NY",
        "postcode": "10032",
        "customAddress": "New York, NY 10032",
        "telephone": "(212) 568-7903",
        "restaurantHoursMonday": "06:00 - 23:00",
        "restaurantHoursTuesday": "06:00 - 23:00",
        "restaurantHoursWednesday": "06:00 - 23:00",
        "restaurantHoursThursday": "06:00 - 02:00",
        "restaurantHoursFriday": "06:00 - 02:00",
        "restaurantHoursSaturday": "06:00 - 02:00",
        "restaurantHoursSunday": "06:00 - 23:00",
        "nationalStoreNumber": "34458",
        "entityId": "187503",
        "regionId": "30",
        "coOp": "STAMFORD FIELD OFFICE",
        "coOpId": "246",
        "CoOpName": "NEW YORK METRO",
        "driveThru": true,
        "outDoorPlayGround": true,
        "indoorPlayGround": true,
        "breakfast": false,
        "nightMenu": true,
        "timeZone": "(GMT-05:00) Eastern Time (US & Canada)"
      }
    },
    {
      "type": "Feature",
      "geometry": {
        "type": "Point",
        "coordinates": [
          -73.917053,
          40.816261
        ]
      },
      "properties": {
        "shortDescription": "BRNX-3RD&149TH",
        "longDescription": "BRNX-3RD&149TH",
        "id": "195500283807:en-US",
        "hasIndoorDining": true,
        "isTwentyFourHours": true,
        "addressLine1": "2870 3rd Ave",
        "addressLine3": "Bronx",
        "addressLine4": "United States",
        "subDivision": "NY",
        "postcode": "10451",
        "customAddress": "Bronx, NY 10451",
        "telephone": "(718) 665-5373",
        "restaurantHoursMonday": "00:00 - 00:00",
        "restaurantHoursTuesday": "00:00 - 00:00",
        "restaurantHoursWednesday": "00:00 - 00:00",
        "restaurantHoursThursday": "00:00 - 00:00",
        "restaurantHoursFriday": "00:00 - 00:00",
        "restaurantHoursSaturday": "00:00 - 00:00",
        "restaurantHoursSunday": "00:00 - 00:00",
        "nationalStoreNumber": "5684",
        "entityId": "19872",
        "regionId": "30",
        "coOp": "STAMFORD FIELD OFFICE",
        "coOpId": "246",
        "CoOpName": "NEW YORK METRO",
        "driveThru": true,
        "outDoorPlayGround": true,
        "indoorPlayGround": true,
        "breakfast": false,
        "nightMenu": true,
        "timeZone": "(GMT-05:00) Eastern Time (US & Canada)"
      }
    },
    {
      "type": "Feature",
      "geometry": {
        "type": "Point",
        "coordinates": [
          -73.939789,
          40.798618
        ]
      },
      "properties": {
        "shortDescription": "MANHATTAN-3RD AV",
        "longDescription": "MANHATTAN-3RD AV",
        "id": "195500283609:en-US",
        "hasIndoorDining": true,
        "isTwentyFourHours": true,
        "addressLine1": "2142 3rd Ave",
        "addressLine3": "New York",
        "addressLine4": "United States",
        "subDivision": "NY",
        "postcode": "10027",
        "customAddress": "New York, NY 10027",
        "telephone": "(347) 637-0574",
        "restaurantHoursMonday": "00:00 - 00:00",
        "restaurantHoursTuesday": "00:00 - 00:00",
        "restaurantHoursWednesday": "00:00 - 00:00",
        "restaurantHoursThursday": "00:00 - 00:00",
        "restaurantHoursFriday": "00:00 - 00:00",
        "restaurantHoursSaturday": "00:00 - 00:00",
        "restaurantHoursSunday": "00:00 - 00:00",
        "nationalStoreNumber": "4825",
        "entityId": "19833",
        "regionId": "30",
        "coOp": "STAMFORD FIELD OFFICE",
        "coOpId": "246",
        "CoOpName": "NEW YORK METRO",
        "driveThru": true,
        "outDoorPlayGround": true,
        "indoorPlayGround": true,
        "breakfast": false,
        "nightMenu": true,
        "timeZone": "(GMT-05:00) Eastern Time (US & Canada)"
      }
    },
    {
      "type": "Feature",
      "geometry": {
        "type": "Point",
        "coordinates": [
          -73.919899,
          40.835136
        ]
      },
      "properties": {
        "shortDescription": "86 E 167 ST",
        "longDescription": "86 E 167 ST",
        "id": "195500286860:en-US",
        "hasIndoorDining": true,
        "isTwentyFourHours": true,
        "addressLine1": "86 E 167th St",
        "addressLine3": "Bronx",
        "addressLine4": "United States",
        "subDivision": "NY",
        "postcode": "10452",
        "customAddress": "Bronx, NY 10452",
        "telephone": "(718) 992-8642",
        "restaurantHoursMonday": "06:00 - 23:00",
        "restaurantHoursTuesday": "06:00 - 23:00",
        "restaurantHoursWednesday": "06:00 - 23:00",
        "restaurantHoursThursday": "06:00 - 23:00",
        "restaurantHoursFriday": "06:00 - 00:00",
        "restaurantHoursSaturday": "06:00 - 00:00",
        "restaurantHoursSunday": "06:00 - 23:00",
        "nationalStoreNumber": "21653",
        "entityId": "21043",
        "regionId": "30",
        "coOp": "STAMFORD FIELD OFFICE",
        "coOpId": "246",
        "CoOpName": "NEW YORK METRO",
        "driveThru": true,
        "outDoorPlayGround": true,
        "indoorPlayGround": true,
        "breakfast": false,
        "nightMenu": true,
        "timeZone": "(GMT-05:00) Eastern Time (US & Canada)"
      }
    },
    {
      "type": "Feature",
      "geometry": {
        "type": "Point",
        "coordinates": [
          -73.938972,
          40.842594
        ]
      },
      "properties": {
        "shortDescription": "NYC 4040 B",
        "longDescription": "NYC-4040 BROADWY",
        "id": "195500282541:en-US",
        "hasIndoorDining": true,
        "isTwentyFourHours": true,
        "addressLine1": "4040 Broadway",
        "addressLine3": "New York",
        "addressLine4": "United States",
        "subDivision": "NY",
        "postcode": "10033",
        "customAddress": "New York, NY 10033",
        "telephone": "(212) 923-9582",
        "restaurantHoursMonday": "00:00 - 00:00",
        "restaurantHoursTuesday": "00:00 - 00:00",
        "restaurantHoursWednesday": "00:00 - 00:00",
        "restaurantHoursThursday": "00:00 - 00:00",
        "restaurantHoursFriday": "00:00 - 00:00",
        "restaurantHoursSaturday": "00:00 - 00:00",
        "restaurantHoursSunday": "00:00 - 00:00",
        "nationalStoreNumber": "3095",
        "entityId": "19514",
        "regionId": "30",
        "coOp": "STAMFORD FIELD OFFICE",
        "coOpId": "246",
        "CoOpName": "NEW YORK METRO",
        "driveThru": true,
        "outDoorPlayGround": true,
        "indoorPlayGround": true,
        "breakfast": false,
        "nightMenu": true,
        "timeZone": "(GMT-05:00) Eastern Time (US & Canada)"
      }
    },
    {
      "type": "Feature",
      "geometry": {
        "type": "Point",
        "coordinates": [
          -73.908607,
          40.825195
        ]
      },
      "properties": {
        "shortDescription": "3279 THIRD AVE",
        "longDescription": "THIRD AVE & EAST 164TH ST",
        "id": "195500286853:en-US",
        "hasIndoorDining": true,
        "isTwentyFourHours": true,
        "addressLine1": "3279 3rd Avenue",
        "addressLine3": "Bronx",
        "addressLine4": "United States",
        "subDivision": "NY",
        "postcode": "10456",
        "customAddress": "Bronx, NY 10456",
        "telephone": "(718) 401-3419",
        "restaurantHoursMonday": "00:00 - 00:00",
        "restaurantHoursTuesday": "00:00 - 00:00",
        "restaurantHoursWednesday": "00:00 - 00:00",
        "restaurantHoursThursday": "00:00 - 00:00",
        "restaurantHoursFriday": "00:00 - 00:00",
        "restaurantHoursSaturday": "00:00 - 00:00",
        "restaurantHoursSunday": "00:00 - 00:00",
        "nationalStoreNumber": "21652",
        "entityId": "21042",
        "regionId": "30",
        "coOp": "STAMFORD FIELD OFFICE",
        "coOpId": "246",
        "CoOpName": "NEW YORK METRO",
        "driveThru": true,
        "outDoorPlayGround": true,
        "indoorPlayGround": true,
        "breakfast": false,
        "nightMenu": true,
        "timeZone": "(GMT-05:00) Eastern Time (US & Canada)"
      }
    },
    {
      "type": "Feature",
      "geometry": {
        "type": "Point",
        "coordinates": [
          -73.967846,
          40.800014
        ]
      },
      "properties": {
        "shortDescription": "104TH & BROADWAY",
        "longDescription": "104TH & BROADWAY",
        "id": "195500387338:en-US",
        "hasIndoorDining": false,
        "isTwentyFourHours": true,
        "addressLine1": "2726 Broadway",
        "addressLine3": "New York",
        "addressLine4": "United States",
        "subDivision": "NY",
        "postcode": "10025",
        "customAddress": "New York, NY 10025",
        "telephone": "(212) 222-8714",
        "restaurantHoursMonday": "00:00 - 00:00",
        "restaurantHoursTuesday": "00:00 - 00:00",
        "restaurantHoursWednesday": "00:00 - 00:00",
        "restaurantHoursThursday": "00:00 - 00:00",
        "restaurantHoursFriday": "00:00 - 00:00",
        "restaurantHoursSaturday": "00:00 - 00:00",
        "restaurantHoursSunday": "00:00 - 00:00",
        "nationalStoreNumber": "31749",
        "entityId": "176968",
        "regionId": "30",
        "coOp": "STAMFORD FIELD OFFICE",
        "coOpId": "246",
        "CoOpName": "NEW YORK METRO",
        "driveThru": true,
        "outDoorPlayGround": true,
        "indoorPlayGround": true,
        "breakfast": false,
        "nightMenu": true,
        "timeZone": "(GMT-05:00) Eastern Time (US & Canada)"
      }
    },
    {
      "type": "Feature",
      "geometry": {
        "type": "Point",
        "coordinates": [
          -73.946077,
          40.789984
        ]
      },
      "properties": {
        "shortDescription": "NYC-1872 3RD AVE",
        "longDescription": "NYC-1872 3RD AVE",
        "id": "195500282848:en-US",
        "hasIndoorDining": true,
        "isTwentyFourHours": true,
        "addressLine1": "1872 3rd Ave",
        "addressLine3": "New York",
        "addressLine4": "United States",
        "subDivision": "NY",
        "postcode": "10029",
        "customAddress": "New York, NY 10029",
        "telephone": "(212) 996-2864",
        "restaurantHoursMonday": "06:00 - 23:00",
        "restaurantHoursTuesday": "06:00 - 23:00",
        "restaurantHoursWednesday": "06:00 - 23:00",
        "restaurantHoursThursday": "06:00 - 23:00",
        "restaurantHoursFriday": "06:00 - 00:00",
        "restaurantHoursSaturday": "06:00 - 00:00",
        "restaurantHoursSunday": "06:00 - 23:00",
        "nationalStoreNumber": "3364",
        "entityId": "19578",
        "regionId": "30",
        "coOp": "STAMFORD FIELD OFFICE",
        "coOpId": "246",
        "CoOpName": "NEW YORK METRO",
        "driveThru": true,
        "outDoorPlayGround": true,
        "indoorPlayGround": true,
        "breakfast": false,
        "nightMenu": true,
        "timeZone": "(GMT-05:00) Eastern Time (US & Canada)"
      }
    },
    {
      "type": "Feature",
      "geometry": {
        "type": "Point",
        "coordinates": [
          -73.915492,
          40.839544
        ]
      },
      "properties": {
        "shortDescription": "101-111 EAST 170",
        "longDescription": "101-111 EAST 170TH STREET",
        "id": "195500332659:en-US",
        "hasIndoorDining": true,
        "isTwentyFourHours": true,
        "addressLine1": "101 E 170th St",
        "addressLine3": "Bronx",
        "addressLine4": "United States",
        "subDivision": "NY",
        "postcode": "10456",
        "customAddress": "Bronx, NY 10456",
        "telephone": "(718) 410-9150",
        "restaurantHoursMonday": "06:00 - 23:00",
        "restaurantHoursTuesday": "06:00 - 23:00",
        "restaurantHoursWednesday": "06:00 - 23:00",
        "restaurantHoursThursday": "06:00 - 23:00",
        "restaurantHoursFriday": "06:00 - 00:00",
        "restaurantHoursSaturday": "06:00 - 00:00",
        "restaurantHoursSunday": "06:00 - 23:00",
        "nationalStoreNumber": "24583",
        "entityId": "121566",
        "regionId": "30",
        "coOp": "STAMFORD FIELD OFFICE",
        "coOpId": "246",
        "CoOpName": "NEW YORK METRO",
        "driveThru": true,
        "outDoorPlayGround": true,
        "indoorPlayGround": true,
        "breakfast": false,
        "nightMenu": true,
        "timeZone": "(GMT-05:00) Eastern Time (US & Canada)"
      }
    },
    {
      "type": "Feature",
      "geometry": {
        "type": "Point",
        "coordinates": [
          -73.901987,
          40.819665
        ]
      },
      "properties": {
        "shortDescription": "839 WESTCHESTER",
        "longDescription": "839 WESTCHESTER AVENUE, BRONX, NY",
        "id": "195500346755:en-US",
        "hasIndoorDining": true,
        "isTwentyFourHours": true,
        "addressLine1": "839 Westchester Avenue",
        "addressLine3": "New York",
        "addressLine4": "United States",
        "subDivision": "NY",
        "postcode": "10455",
        "customAddress": "New York, NY 10455",
        "telephone": "(718) 215-8754",
        "restaurantHoursMonday": "00:00 - 00:00",
        "restaurantHoursTuesday": "00:00 - 00:00",
        "restaurantHoursWednesday": "00:00 - 00:00",
        "restaurantHoursThursday": "00:00 - 00:00",
        "restaurantHoursFriday": "00:00 - 00:00",
        "restaurantHoursSaturday": "00:00 - 00:00",
        "restaurantHoursSunday": "00:00 - 00:00",
        "nationalStoreNumber": "29500",
        "entityId": "165826",
        "regionId": "30",
        "coOp": "STAMFORD FIELD OFFICE",
        "coOpId": "246",
        "CoOpName": "NEW YORK METRO",
        "driveThru": true,
        "outDoorPlayGround": true,
        "indoorPlayGround": true,
        "breakfast": false,
        "nightMenu": true,
        "timeZone": "(GMT-05:00) Eastern Time (US & Canada)"
      }
    },
    {
      "type": "Feature",
      "geometry": {
        "type": "Point",
        "coordinates": [
          -73.936035,
          40.850094
        ]
      },
      "properties": {
        "shortDescription": "MANHATTAN-BRDWAY",
        "longDescription": "4259 BROADWAY (SW CORNER 181ST)",
        "id": "195500282510:en-US",
        "hasIndoorDining": true,
        "isTwentyFourHours": true,
        "addressLine1": "4259 Broadway",
        "addressLine3": "New York",
        "addressLine4": "United States",
        "subDivision": "NY",
        "postcode": "10033",
        "customAddress": "New York, NY 10033",
        "telephone": "(917) 521-0827",
        "restaurantHoursMonday": "00:00 - 00:00",
        "restaurantHoursTuesday": "00:00 - 00:00",
        "restaurantHoursWednesday": "00:00 - 00:00",
        "restaurantHoursThursday": "00:00 - 00:00",
        "restaurantHoursFriday": "00:00 - 00:00",
        "restaurantHoursSaturday": "00:00 - 00:00",
        "restaurantHoursSunday": "00:00 - 00:00",
        "nationalStoreNumber": "2970",
        "entityId": "19504",
        "regionId": "30",
        "coOp": "STAMFORD FIELD OFFICE",
        "coOpId": "246",
        "CoOpName": "NEW YORK METRO",
        "driveThru": true,
        "outDoorPlayGround": true,
        "indoorPlayGround": true,
        "breakfast": false,
        "nightMenu": true,
        "timeZone": "(GMT-05:00) Eastern Time (US & Canada)"
      }
    },
    {
      "type": "Feature",
      "geometry": {
        "type": "Point",
        "coordinates": [
          -73.983818,
          40.813576
        ]
      },
      "properties": {
        "shortDescription": "EDGEWATER",
        "longDescription": "EDGEWATER",
        "id": "195500278728:en-US",
        "hasIndoorDining": true,
        "isTwentyFourHours": true,
        "addressLine1": "549 River Rd",
        "addressLine3": "Edgewater",
        "addressLine4": "United States",
        "subDivision": "NJ",
        "postcode": "07020",
        "customAddress": "Edgewater, NJ 07020",
        "telephone": "(201) 941-3084",
        "restaurantHoursMonday": "06:00 - 00:00",
        "restaurantHoursTuesday": "06:00 - 00:00",
        "restaurantHoursWednesday": "06:00 - 00:00",
        "restaurantHoursThursday": "06:00 - 00:00",
        "restaurantHoursFriday": "06:00 - 00:00",
        "restaurantHoursSaturday": "06:00 - 00:00",
        "restaurantHoursSunday": "06:00 - 00:00",
        "nationalStoreNumber": "17443",
        "entityId": "18741",
        "regionId": "30",
        "coOp": "STAMFORD FIELD OFFICE",
        "coOpId": "246",
        "CoOpName": "NEW YORK METRO",
        "driveThru": true,
        "outDoorPlayGround": true,
        "indoorPlayGround": true,
        "breakfast": false,
        "nightMenu": true,
        "timeZone": "(GMT-05:00) Eastern Time (US & Canada)"
      }
    },
    {
      "type": "Feature",
      "geometry": {
        "type": "Point",
        "coordinates": [
          -73.972343,
          40.794389
        ]
      },
      "properties": {
        "shortDescription": "MANHATTAN-96TH",
        "longDescription": "MANHATTAN-96TH",
        "id": "195500281667:en-US",
        "hasIndoorDining": true,
        "isTwentyFourHours": true,
        "addressLine1": "2549 Broadway",
        "addressLine3": "New York",
        "addressLine4": "United States",
        "subDivision": "NY",
        "postcode": "10025",
        "customAddress": "New York, NY 10025",
        "telephone": "(212) 864-8138",
        "restaurantHoursMonday": "00:00 - 00:00",
        "restaurantHoursTuesday": "00:00 - 00:00",
        "restaurantHoursWednesday": "00:00 - 00:00",
        "restaurantHoursThursday": "00:00 - 00:00",
        "restaurantHoursFriday": "00:00 - 00:00",
        "restaurantHoursSaturday": "00:00 - 00:00",
        "restaurantHoursSunday": "00:00 - 00:00",
        "nationalStoreNumber": "2002",
        "entityId": "19344",
        "regionId": "30",
        "coOp": "STAMFORD FIELD OFFICE",
        "coOpId": "246",
        "CoOpName": "NEW YORK METRO",
        "driveThru": true,
        "outDoorPlayGround": true,
        "indoorPlayGround": true,
        "breakfast": false,
        "nightMenu": true,
        "timeZone": "(GMT-05:00) Eastern Time (US & Canada)"
      }
    },
    {
      "type": "Feature",
      "geometry": {
        "type": "Point",
        "coordinates": [
          -73.914978,
          40.844677
        ]
      },
      "properties": {
        "shortDescription": "W MT EDEN AVE",
        "longDescription": "1 WEST MT EDEN AVE 1581 JEROME AVE",
        "id": "195500286976:en-US",
        "hasIndoorDining": true,
        "isTwentyFourHours": true,
        "addressLine1": "1 W Mount Eden Ave",
        "addressLine3": "Bronx",
        "addressLine4": "United States",
        "subDivision": "NY",
        "postcode": "10452",
        "customAddress": "Bronx, NY 10452",
        "telephone": "(718) 901-4930",
        "restaurantHoursMonday": "06:00 - 00:00",
        "restaurantHoursTuesday": "05:00 - 00:00",
        "restaurantHoursWednesday": "05:00 - 00:00",
        "restaurantHoursThursday": "05:00 - 00:00",
        "restaurantHoursFriday": "05:00 - 00:00",
        "restaurantHoursSaturday": "05:00 - 00:00",
        "restaurantHoursSunday": "06:00 - 00:00",
        "nationalStoreNumber": "22381",
        "entityId": "21069",
        "regionId": "30",
        "coOp": "STAMFORD FIELD OFFICE",
        "coOpId": "246",
        "CoOpName": "NEW YORK METRO",
        "driveThru": true,
        "outDoorPlayGround": true,
        "indoorPlayGround": true,
        "breakfast": false,
        "nightMenu": true,
        "timeZone": "(GMT-05:00) Eastern Time (US & Canada)"
      }
    },
    {
      "type": "Feature",
      "geometry": {
        "type": "Point",
        "coordinates": [
          -73.947028,
          40.784657
        ]
      },
      "properties": {
        "shortDescription": "1871 SECOND AVEN",
        "longDescription": "1871 SECOND AVENUE(BETWEEN 96TH & 97TH)",
        "id": "195500333236:en-US",
        "hasIndoorDining": false,
        "isTwentyFourHours": true,
        "addressLine1": "1871 2nd Ave",
        "addressLine3": "New York",
        "addressLine4": "United States",
        "subDivision": "NY",
        "postcode": "10029",
        "customAddress": "New York, NY 10029",
        "telephone": "(267) 916-0879",
        "restaurantHoursMonday": "06:00 - 23:00",
        "restaurantHoursTuesday": "06:00 - 23:00",
        "restaurantHoursWednesday": "06:00 - 23:00",
        "restaurantHoursThursday": "06:00 - 23:00",
        "restaurantHoursFriday": "06:00 - 23:00",
        "restaurantHoursSaturday": "06:00 - 23:00",
        "restaurantHoursSunday": "06:00 - 23:00",
        "nationalStoreNumber": "24739",
        "entityId": "124222",
        "regionId": "30",
        "coOp": "STAMFORD FIELD OFFICE",
        "coOpId": "246",
        "CoOpName": "NEW YORK METRO",
        "driveThru": true,
        "outDoorPlayGround": true,
        "indoorPlayGround": true,
        "breakfast": false,
        "nightMenu": true,
        "timeZone": "(GMT-05:00) Eastern Time (US & Canada)"
      }
    },
    {
      "type": "Feature",
      "geometry": {
        "type": "Point",
        "coordinates": [
          -73.904701,
          40.841805
        ]
      },
      "properties": {
        "shortDescription": "BRONX-WEBSTER",
        "longDescription": "BRONX-WEBSTER",
        "id": "195500284835:en-US",
        "hasIndoorDining": true,
        "isTwentyFourHours": true,
        "addressLine1": "1625 Webster Ave",
        "addressLine3": "Bronx",
        "addressLine4": "United States",
        "subDivision": "NY",
        "postcode": "10457",
        "customAddress": "Bronx, NY 10457",
        "telephone": "(718) 299-0849",
        "restaurantHoursMonday": "06:00 - 23:00",
        "restaurantHoursTuesday": "06:00 - 23:00",
        "restaurantHoursWednesday": "06:00 - 23:00",
        "restaurantHoursThursday": "06:00 - 23:00",
        "restaurantHoursFriday": "06:00 - 23:00",
        "restaurantHoursSaturday": "06:00 - 23:00",
        "restaurantHoursSunday": "06:00 - 23:00",
        "nationalStoreNumber": "11292",
        "entityId": "20344",
        "regionId": "30",
        "coOp": "STAMFORD FIELD OFFICE",
        "coOpId": "246",
        "CoOpName": "NEW YORK METRO",
        "driveThru": true,
        "outDoorPlayGround": true,
        "indoorPlayGround": true,
        "breakfast": false,
        "nightMenu": true,
        "timeZone": "(GMT-05:00) Eastern Time (US & Canada)"
      }
    },
    {
      "type": "Feature",
      "geometry": {
        "type": "Point",
        "coordinates": [
          -73.892563,
          40.816971
        ]
      },
      "properties": {
        "shortDescription": "BRONX - GARRISON",
        "longDescription": "BRONX - GARRISON",
        "id": "195500284781:en-US",
        "hasIndoorDining": true,
        "isTwentyFourHours": true,
        "addressLine1": "875 Garrison Ave",
        "addressLine3": "Bronx",
        "addressLine4": "United States",
        "subDivision": "NY",
        "postcode": "10474",
        "customAddress": "Bronx, NY 10474",
        "telephone": "(718) 617-0329",
        "restaurantHoursMonday": "00:00 - 00:00",
        "restaurantHoursTuesday": "00:00 - 00:00",
        "restaurantHoursWednesday": "00:00 - 00:00",
        "restaurantHoursThursday": "00:00 - 00:00",
        "restaurantHoursFriday": "00:00 - 00:00",
        "restaurantHoursSaturday": "00:00 - 00:00",
        "restaurantHoursSunday": "00:00 - 00:00",
        "nationalStoreNumber": "11139",
        "entityId": "20320",
        "regionId": "30",
        "coOp": "STAMFORD FIELD OFFICE",
        "coOpId": "246",
        "CoOpName": "NEW YORK METRO",
        "driveThru": true,
        "outDoorPlayGround": true,
        "indoorPlayGround": true,
        "breakfast": false,
        "nightMenu": true,
        "timeZone": "(GMT-05:00) Eastern Time (US & Canada)"
      }
    },
    {
      "type": "Feature",
      "geometry": {
        "type": "Point",
        "coordinates": [
          -73.916202,
          40.850258
        ]
      },
      "properties": {
        "shortDescription": "UNIVERSITY AV BX",
        "longDescription": "1749 UNIVERSITY AVENUE",
        "id": "195500329161:en-US",
        "hasIndoorDining": true,
        "isTwentyFourHours": true,
        "addressLine1": "1745 University Ave",
        "addressLine3": "Bronx",
        "addressLine4": "United States",
        "subDivision": "NY",
        "postcode": "10453",
        "customAddress": "Bronx, NY 10453",
        "telephone": "(718) 294-1309",
        "restaurantHoursMonday": "00:00 - 00:00",
        "restaurantHoursTuesday": "00:00 - 00:00",
        "restaurantHoursWednesday": "00:00 - 00:00",
        "restaurantHoursThursday": "00:00 - 00:00",
        "restaurantHoursFriday": "00:00 - 00:00",
        "restaurantHoursSaturday": "00:00 - 00:00",
        "restaurantHoursSunday": "00:00 - 00:00",
        "nationalStoreNumber": "23269",
        "entityId": "44841",
        "regionId": "30",
        "coOp": "STAMFORD FIELD OFFICE",
        "coOpId": "246",
        "CoOpName": "NEW YORK METRO",
        "driveThru": true,
        "outDoorPlayGround": true,
        "indoorPlayGround": true,
        "breakfast": false,
        "nightMenu": true,
        "timeZone": "(GMT-05:00) Eastern Time (US & Canada)"
      }
    },
    {
      "type": "Feature",
      "geometry": {
        "type": "Point",
        "coordinates": [
          -73.890866,
          40.820564
        ]
      },
      "properties": {
        "shortDescription": "SOUTHERN CROSSIN",
        "longDescription": "SOUTHERN CROSSINGS",
        "id": "195500757223:en-US",
        "hasIndoorDining": true,
        "isTwentyFourHours": true,
        "addressLine1": "925 Hunts Point Blvd",
        "addressLine3": "Bronx",
        "addressLine4": "United States",
        "subDivision": "NY",
        "postcode": "10474",
        "customAddress": "Bronx, NY 10474",
        "telephone": "(718) 215-8275",
        "restaurantHoursMonday": "00:00 - 00:00",
        "restaurantHoursTuesday": "00:00 - 00:00",
        "restaurantHoursWednesday": "00:00 - 00:00",
        "restaurantHoursThursday": "00:00 - 00:00",
        "restaurantHoursFriday": "00:00 - 00:00",
        "restaurantHoursSaturday": "00:00 - 00:00",
        "restaurantHoursSunday": "00:00 - 00:00",
        "nationalStoreNumber": "35813",
        "entityId": "197116",
        "regionId": "30",
        "coOp": "STAMFORD FIELD OFFICE",
        "coOpId": "246",
        "CoOpName": "NEW YORK METRO",
        "driveThru": true,
        "outDoorPlayGround": true,
        "indoorPlayGround": true,
        "breakfast": false,
        "nightMenu": true,
        "timeZone": "(GMT-05:00) Eastern Time (US & Canada)"
      }
    },
    {
      "type": "Feature",
      "geometry": {
        "type": "Point",
        "coordinates": [
          -73.954515,
          40.777789
        ]
      },
      "properties": {
        "shortDescription": "MANHATTAN-84 & 3",
        "longDescription": "MANHATTAN-84 & 3",
        "id": "195500282343:en-US",
        "hasIndoorDining": true,
        "isTwentyFourHours": true,
        "addressLine1": "1499 3rd Ave",
        "addressLine3": "New York",
        "addressLine4": "United States",
        "subDivision": "NY",
        "postcode": "10028",
        "customAddress": "New York, NY 10028",
        "telephone": "(212) 628-8100",
        "restaurantHoursMonday": "06:00 - 23:00",
        "restaurantHoursTuesday": "06:00 - 23:00",
        "restaurantHoursWednesday": "06:00 - 23:00",
        "restaurantHoursThursday": "00:00 - 00:00",
        "restaurantHoursFriday": "00:00 - 00:00",
        "restaurantHoursSaturday": "00:00 - 00:00",
        "restaurantHoursSunday": "06:00 - 23:00",
        "nationalStoreNumber": "2814",
        "entityId": "19478",
        "regionId": "30",
        "coOp": "STAMFORD FIELD OFFICE",
        "coOpId": "246",
        "CoOpName": "NEW YORK METRO",
        "driveThru": true,
        "outDoorPlayGround": true,
        "indoorPlayGround": true,
        "breakfast": false,
        "nightMenu": true,
        "timeZone": "(GMT-05:00) Eastern Time (US & Canada)"
      }
    },
    {
      "type": "Feature",
      "geometry": {
        "type": "Point",
        "coordinates": [
          -73.890648,
          40.835464
        ]
      },
      "properties": {
        "shortDescription": "1600 BOSTON RD",
        "longDescription": "1600 BOSTON RD",
        "id": "195500286716:en-US",
        "hasIndoorDining": true,
        "isTwentyFourHours": true,
        "addressLine1": "1600 Boston Rd",
        "addressLine3": "Bronx",
        "addressLine4": "United States",
        "subDivision": "NY",
        "postcode": "10460",
        "customAddress": "Bronx, NY 10460",
        "telephone": "(718) 542-7915",
        "restaurantHoursMonday": "06:00 - 23:00",
        "restaurantHoursTuesday": "06:00 - 23:00",
        "restaurantHoursWednesday": "06:00 - 23:00",
        "restaurantHoursThursday": "06:00 - 23:00",
        "restaurantHoursFriday": "06:00 - 23:00",
        "restaurantHoursSaturday": "06:00 - 23:00",
        "restaurantHoursSunday": "06:00 - 23:00",
        "nationalStoreNumber": "20769",
        "entityId": "20961",
        "regionId": "30",
        "coOp": "STAMFORD FIELD OFFICE",
        "coOpId": "246",
        "CoOpName": "NEW YORK METRO",
        "driveThru": true,
        "outDoorPlayGround": true,
        "indoorPlayGround": true,
        "breakfast": false,
        "nightMenu": true,
        "timeZone": "(GMT-05:00) Eastern Time (US & Canada)"
      }
    },
    {
      "type": "Feature",
      "geometry": {
        "type": "Point",
        "coordinates": [
          -73.966698,
          40.85582
        ]
      },
      "properties": {
        "shortDescription": "FT LEE",
        "longDescription": "FT LEE",
        "id": "195500279534:en-US",
        "hasIndoorDining": true,
        "isTwentyFourHours": true,
        "addressLine1": "2152 Lemoine Avenue",
        "addressLine3": "Fort Lee",
        "addressLine4": "United States",
        "subDivision": "NJ",
        "postcode": "07024",
        "customAddress": "Fort Lee, NJ 07024",
        "telephone": "(201) 944-4880",
        "restaurantHoursMonday": "06:00 - 00:00",
        "restaurantHoursTuesday": "06:00 - 00:00",
        "restaurantHoursWednesday": "06:00 - 00:00",
        "restaurantHoursThursday": "06:00 - 00:00",
        "restaurantHoursFriday": "06:00 - 00:00",
        "restaurantHoursSaturday": "06:00 - 00:00",
        "restaurantHoursSunday": "06:00 - 00:00",
        "nationalStoreNumber": "22454",
        "entityId": "18982",
        "regionId": "30",
        "coOp": "STAMFORD FIELD OFFICE",
        "coOpId": "246",
        "CoOpName": "NEW YORK METRO",
        "driveThru": true,
        "outDoorPlayGround": true,
        "indoorPlayGround": true,
        "breakfast": false,
        "nightMenu": true,
        "timeZone": "(GMT-05:00) Eastern Time (US & Canada)"
      }
    },
    {
      "type": "Feature",
      "geometry": {
        "type": "Point",
        "coordinates": [
          -73.907288,
          40.854321
        ]
      },
      "properties": {
        "shortDescription": "BRONX-2065 JEROM",
        "longDescription": "BRONX-2065 JEROM",
        "id": "195500282350:en-US",
        "hasIndoorDining": true,
        "isTwentyFourHours": true,
        "addressLine1": "2065 Jerome Ave",
        "addressLine3": "Bronx",
        "addressLine4": "United States",
        "subDivision": "NY",
        "postcode": "10453",
        "customAddress": "Bronx, NY 10453",
        "telephone": "(718) 733-2819",
        "restaurantHoursMonday": "00:00 - 00:00",
        "restaurantHoursTuesday": "00:00 - 00:00",
        "restaurantHoursWednesday": "00:00 - 00:00",
        "restaurantHoursThursday": "00:00 - 00:00",
        "restaurantHoursFriday": "00:00 - 00:00",
        "restaurantHoursSaturday": "00:00 - 00:00",
        "restaurantHoursSunday": "00:00 - 00:00",
        "nationalStoreNumber": "2793",
        "entityId": "19480",
        "regionId": "30",
        "coOp": "STAMFORD FIELD OFFICE",
        "coOpId": "246",
        "CoOpName": "NEW YORK METRO",
        "driveThru": true,
        "outDoorPlayGround": true,
        "indoorPlayGround": true,
        "breakfast": false,
        "nightMenu": true,
        "timeZone": "(GMT-05:00) Eastern Time (US & Canada)"
      }
    },
    {
      "type": "Feature",
      "geometry": {
        "type": "Point",
        "coordinates": [
          -74.001562,
          40.818687
        ]
      },
      "properties": {
        "shortDescription": "289 BERGEN BLVD,",
        "longDescription": "289 BERGEN BLVD, FAIRVIEW, NJ",
        "id": "195500615165:en-US",
        "hasIndoorDining": true,
        "isTwentyFourHours": false,
        "addressLine1": "289 Bergen Blvd",
        "addressLine3": "Fairview",
        "addressLine4": "United States",
        "subDivision": "NJ",
        "postcode": "07022",
        "customAddress": "Fairview, NJ 07022",
        "telephone": "(201) 313-2560",
        "restaurantHoursMonday": "06:00 - 23:00",
        "restaurantHoursTuesday": "06:00 - 23:00",
        "restaurantHoursWednesday": "06:00 - 23:00",
        "restaurantHoursThursday": "06:00 - 23:00",
        "restaurantHoursFriday": "06:00 - 23:00",
        "restaurantHoursSaturday": "06:00 - 23:00",
        "restaurantHoursSunday": "06:00 - 23:00",
        "nationalStoreNumber": "34397",
        "entityId": "188195",
        "regionId": "30",
        "coOp": "STAMFORD FIELD OFFICE",
        "coOpId": "246",
        "CoOpName": "NEW YORK METRO",
        "driveThru": true,
        "outDoorPlayGround": true,
        "indoorPlayGround": true,
        "breakfast": false,
        "nightMenu": true,
        "timeZone": "(GMT-05:00) Eastern Time (US & Canada)"
      }
    },
    {
      "type": "Feature",
      "geometry": {
        "type": "Point",
        "coordinates": [
          -73.893456,
          40.846584
        ]
      },
      "properties": {
        "shortDescription": "BRONX-599TREMONT",
        "longDescription": "BRONX-599TREMONT",
        "id": "195500283159:en-US",
        "hasIndoorDining": true,
        "isTwentyFourHours": true,
        "addressLine1": "599 E Tremont Ave",
        "addressLine3": "Bronx",
        "addressLine4": "United States",
        "subDivision": "NY",
        "postcode": "10457",
        "customAddress": "Bronx, NY 10457",
        "telephone": "(718) 731-4755",
        "restaurantHoursMonday": "00:00 - 00:00",
        "restaurantHoursTuesday": "00:00 - 00:00",
        "restaurantHoursWednesday": "00:00 - 00:00",
        "restaurantHoursThursday": "00:00 - 00:00",
        "restaurantHoursFriday": "00:00 - 00:00",
        "restaurantHoursSaturday": "00:00 - 00:00",
        "restaurantHoursSunday": "00:00 - 00:00",
        "nationalStoreNumber": "3738",
        "entityId": "19663",
        "regionId": "30",
        "coOp": "STAMFORD FIELD OFFICE",
        "coOpId": "246",
        "CoOpName": "NEW YORK METRO",
        "driveThru": true,
        "outDoorPlayGround": true,
        "indoorPlayGround": true,
        "breakfast": false,
        "nightMenu": true,
        "timeZone": "(GMT-05:00) Eastern Time (US & Canada)"
      }
    },
    {
      "type": "Feature",
      "geometry": {
        "type": "Point",
        "coordinates": [
          -73.912183,
          40.77512
        ]
      },
      "properties": {
        "shortDescription": "QUEENS-31ST DITM",
        "longDescription": "QUEENS-31ST DITM",
        "id": "195500282725:en-US",
        "hasIndoorDining": true,
        "isTwentyFourHours": false,
        "addressLine1": "2250 31st St",
        "addressLine3": "Astoria",
        "addressLine4": "United States",
        "subDivision": "NY",
        "postcode": "11105",
        "customAddress": "Astoria, NY 11105",
        "telephone": "(718) 932-8690",
        "restaurantHoursMonday": "06:00 - 23:00",
        "restaurantHoursTuesday": "06:00 - 23:00",
        "restaurantHoursWednesday": "06:00 - 23:00",
        "restaurantHoursThursday": "06:00 - 23:00",
        "restaurantHoursFriday": "06:00 - 00:00",
        "restaurantHoursSaturday": "06:00 - 00:00",
        "restaurantHoursSunday": "06:00 - 23:00",
        "nationalStoreNumber": "2892",
        "entityId": "19550",
        "regionId": "30",
        "coOp": "STAMFORD FIELD OFFICE",
        "coOpId": "246",
        "CoOpName": "NEW YORK METRO",
        "driveThru": true,
        "outDoorPlayGround": true,
        "indoorPlayGround": true,
        "breakfast": false,
        "nightMenu": true,
        "timeZone": "(GMT-05:00) Eastern Time (US & Canada)"
      }
    },
    {
      "type": "Feature",
      "geometry": {
        "type": "Point",
        "coordinates": [
          -73.927202,
          40.86508
        ]
      },
      "properties": {
        "shortDescription": "DYCKMAN STREET",
        "longDescription": "MANHATTAN-DYCKMN",
        "id": "195500284262:en-US",
        "hasIndoorDining": true,
        "isTwentyFourHours": true,
        "addressLine1": "208 Dyckman St",
        "addressLine3": "Manhattan",
        "addressLine4": "United States",
        "subDivision": "NY",
        "postcode": "10040",
        "customAddress": "Manhattan, NY 10040",
        "telephone": "(212) 569-2909",
        "restaurantHoursMonday": "00:00 - 00:00",
        "restaurantHoursTuesday": "00:00 - 00:00",
        "restaurantHoursWednesday": "00:00 - 00:00",
        "restaurantHoursThursday": "00:00 - 00:00",
        "restaurantHoursFriday": "00:00 - 00:00",
        "restaurantHoursSaturday": "00:00 - 00:00",
        "restaurantHoursSunday": "00:00 - 00:00",
        "nationalStoreNumber": "7762",
        "entityId": "20153",
        "regionId": "30",
        "coOp": "STAMFORD FIELD OFFICE",
        "coOpId": "246",
        "CoOpName": "NEW YORK METRO",
        "driveThru": true,
        "outDoorPlayGround": true,
        "indoorPlayGround": true,
        "breakfast": false,
        "nightMenu": true,
        "timeZone": "(GMT-05:00) Eastern Time (US & Canada)"
      }
    },
    {
      "type": "Feature",
      "geometry": {
        "type": "Point",
        "coordinates": [
          -73.878052,
          40.82851
        ]
      },
      "properties": {
        "shortDescription": "BRONX-WESTCHESTR",
        "longDescription": "BRONX-WESTCHESTR",
        "id": "195500282794:en-US",
        "hasIndoorDining": true,
        "isTwentyFourHours": false,
        "addressLine1": "1540 Westchester Ave",
        "addressLine3": "Bronx",
        "addressLine4": "United States",
        "subDivision": "NY",
        "postcode": "10472",
        "customAddress": "Bronx, NY 10472",
        "telephone": "(347) 963-9691",
        "restaurantHoursMonday": "06:00 - 23:00",
        "restaurantHoursTuesday": "06:00 - 23:00",
        "restaurantHoursWednesday": "00:00 - 00:00",
        "restaurantHoursThursday": "00:00 - 00:00",
        "restaurantHoursFriday": "00:00 - 00:00",
        "restaurantHoursSaturday": "00:00 - 00:00",
        "restaurantHoursSunday": "06:00 - 23:00",
        "nationalStoreNumber": "3366",
        "entityId": "19567",
        "regionId": "30",
        "coOp": "STAMFORD FIELD OFFICE",
        "coOpId": "246",
        "CoOpName": "NEW YORK METRO",
        "driveThru": true,
        "outDoorPlayGround": true,
        "indoorPlayGround": true,
        "breakfast": false,
        "nightMenu": true,
        "timeZone": "(GMT-05:00) Eastern Time (US & Canada)"
      }
    },
    {
      "type": "Feature",
      "geometry": {
        "type": "Point",
        "coordinates": [
          -73.982472,
          40.777901
        ]
      },
      "properties": {
        "shortDescription": "MANHATTAN-71ST",
        "longDescription": "MANHATTAN-71ST",
        "id": "195500281841:en-US",
        "hasIndoorDining": true,
        "isTwentyFourHours": true,
        "addressLine1": "2049 Broadway",
        "addressLine3": "New York",
        "addressLine4": "United States",
        "subDivision": "NY",
        "postcode": "10023",
        "customAddress": "New York, NY 10023",
        "telephone": "(212) 724-0435",
        "restaurantHoursMonday": "00:00 - 00:00",
        "restaurantHoursTuesday": "00:00 - 00:00",
        "restaurantHoursWednesday": "00:00 - 00:00",
        "restaurantHoursThursday": "00:00 - 00:00",
        "restaurantHoursFriday": "00:00 - 00:00",
        "restaurantHoursSaturday": "00:00 - 00:00",
        "restaurantHoursSunday": "00:00 - 00:00",
        "nationalStoreNumber": "2292",
        "entityId": "19373",
        "regionId": "30",
        "coOp": "STAMFORD FIELD OFFICE",
        "coOpId": "246",
        "CoOpName": "NEW YORK METRO",
        "driveThru": true,
        "outDoorPlayGround": true,
        "indoorPlayGround": true,
        "breakfast": false,
        "nightMenu": true,
        "timeZone": "(GMT-05:00) Eastern Time (US & Canada)"
      }
    },
    {
      "type": "Feature",
      "geometry": {
        "type": "Point",
        "coordinates": [
          -73.874687,
          40.82338
        ]
      },
      "properties": {
        "shortDescription": "BRONX 1600 BRUC",
        "longDescription": "BRONX 1600 BRUC",
        "id": "195500283425:en-US",
        "hasIndoorDining": true,
        "isTwentyFourHours": true,
        "addressLine1": "1600 Bruckner Blvd",
        "addressLine3": "Bronx",
        "addressLine4": "United States",
        "subDivision": "NY",
        "postcode": "10473",
        "customAddress": "Bronx, NY 10473",
        "telephone": "(718) 617-0869",
        "restaurantHoursMonday": "06:00 - 23:00",
        "restaurantHoursTuesday": "06:00 - 23:00",
        "restaurantHoursWednesday": "06:00 - 23:00",
        "restaurantHoursThursday": "06:00 - 23:00",
        "restaurantHoursFriday": "06:00 - 00:00",
        "restaurantHoursSaturday": "06:00 - 00:00",
        "restaurantHoursSunday": "06:00 - 23:00",
        "nationalStoreNumber": "4234",
        "entityId": "19712",
        "regionId": "30",
        "coOp": "STAMFORD FIELD OFFICE",
        "coOpId": "246",
        "CoOpName": "NEW YORK METRO",
        "driveThru": true,
        "outDoorPlayGround": true,
        "indoorPlayGround": true,
        "breakfast": false,
        "nightMenu": true,
        "timeZone": "(GMT-05:00) Eastern Time (US & Canada)"
      }
    },
    {
      "type": "Feature",
      "geometry": {
        "type": "Point",
        "coordinates": [
          -73.921301,
          40.867396
        ]
      },
      "properties": {
        "shortDescription": "606-612 207TH ST",
        "longDescription": "606-612 W 207 ST",
        "id": "195500286686:en-US",
        "hasIndoorDining": true,
        "isTwentyFourHours": true,
        "addressLine1": "608 West 207th Street",
        "addressLine3": "New York",
        "addressLine4": "United States",
        "subDivision": "NY",
        "postcode": "10034",
        "customAddress": "New York, NY 10034",
        "telephone": "(212) 304-3611",
        "restaurantHoursMonday": "00:00 - 00:00",
        "restaurantHoursTuesday": "00:00 - 00:00",
        "restaurantHoursWednesday": "00:00 - 00:00",
        "restaurantHoursThursday": "00:00 - 00:00",
        "restaurantHoursFriday": "00:00 - 00:00",
        "restaurantHoursSaturday": "00:00 - 00:00",
        "restaurantHoursSunday": "00:00 - 00:00",
        "nationalStoreNumber": "20450",
        "entityId": "20955",
        "regionId": "30",
        "coOp": "STAMFORD FIELD OFFICE",
        "coOpId": "246",
        "CoOpName": "NEW YORK METRO",
        "driveThru": true,
        "outDoorPlayGround": true,
        "indoorPlayGround": true,
        "breakfast": false,
        "nightMenu": true,
        "timeZone": "(GMT-05:00) Eastern Time (US & Canada)"
      }
    },
    {
      "type": "Feature",
      "geometry": {
        "type": "Point",
        "coordinates": [
          -73.930984,
          40.766312
        ]
      },
      "properties": {
        "shortDescription": "21ST ST, LIC",
        "longDescription": "21ST ST, LIC",
        "id": "195500286990:en-US",
        "hasIndoorDining": true,
        "isTwentyFourHours": true,
        "addressLine1": "31-46 21st St",
        "addressLine3": "Long Island City",
        "addressLine4": "United States",
        "subDivision": "NY",
        "postcode": "11106",
        "customAddress": "Long Island City, NY 11106",
        "telephone": "(718) 545-0294",
        "restaurantHoursMonday": "06:00 - 23:00",
        "restaurantHoursTuesday": "06:00 - 23:00",
        "restaurantHoursWednesday": "06:00 - 23:00",
        "restaurantHoursThursday": "06:00 - 23:00",
        "restaurantHoursFriday": "06:00 - 23:00",
        "restaurantHoursSaturday": "06:00 - 23:00",
        "restaurantHoursSunday": "06:00 - 23:00",
        "nationalStoreNumber": "22628",
        "entityId": "21072",
        "regionId": "30",
        "coOp": "STAMFORD FIELD OFFICE",
        "coOpId": "246",
        "CoOpName": "NEW YORK METRO",
        "driveThru": true,
        "outDoorPlayGround": true,
        "indoorPlayGround": true,
        "breakfast": false,
        "nightMenu": true,
        "timeZone": "(GMT-05:00) Eastern Time (US & Canada)"
      }
    },
    {
      "type": "Feature",
      "geometry": {
        "type": "Point",
        "coordinates": [
          -73.902859,
          40.86255
        ]
      },
      "properties": {
        "shortDescription": "BRONX W. FORDHAM",
        "longDescription": "BRONX W. FORDHAM",
        "id": "195500282473:en-US",
        "hasIndoorDining": true,
        "isTwentyFourHours": false,
        "addressLine1": "36 W Fordham Rd",
        "addressLine3": "Bronx",
        "addressLine4": "United States",
        "subDivision": "NY",
        "postcode": "10468",
        "customAddress": "Bronx, NY 10468",
        "telephone": "(929) 416-8148",
        "restaurantHoursMonday": "06:00 - 00:00",
        "restaurantHoursTuesday": "06:00 - 00:00",
        "restaurantHoursWednesday": "06:00 - 00:00",
        "restaurantHoursThursday": "06:00 - 00:00",
        "restaurantHoursFriday": "06:00 - 01:00",
        "restaurantHoursSaturday": "06:00 - 01:00",
        "restaurantHoursSunday": "06:00 - 00:00",
        "nationalStoreNumber": "3109",
        "entityId": "19500",
        "regionId": "30",
        "coOp": "STAMFORD FIELD OFFICE",
        "coOpId": "246",
        "CoOpName": "NEW YORK METRO",
        "driveThru": true,
        "outDoorPlayGround": true,
        "indoorPlayGround": true,
        "breakfast": false,
        "nightMenu": true,
        "timeZone": "(GMT-05:00) Eastern Time (US & Canada)"
      }
    },
    {
      "type": "Feature",
      "geometry": {
        "type": "Point",
        "coordinates": [
          -73.957161,
          40.765888
        ]
      },
      "properties": {
        "shortDescription": "1ST & 69TH",
        "longDescription": "1ST & 69TH",
        "id": "195500285450:en-US",
        "hasIndoorDining": true,
        "isTwentyFourHours": true,
        "addressLine1": "1286 1st Ave",
        "addressLine3": "New York",
        "addressLine4": "United States",
        "subDivision": "NY",
        "postcode": "10021",
        "customAddress": "New York, NY 10021",
        "telephone": "(212) 249-3551",
        "restaurantHoursMonday": "00:00 - 00:00",
        "restaurantHoursTuesday": "00:00 - 00:00",
        "restaurantHoursWednesday": "00:00 - 00:00",
        "restaurantHoursThursday": "00:00 - 00:00",
        "restaurantHoursFriday": "00:00 - 00:00",
        "restaurantHoursSaturday": "00:00 - 00:00",
        "restaurantHoursSunday": "00:00 - 00:00",
        "nationalStoreNumber": "14780",
        "entityId": "20603",
        "regionId": "30",
        "coOp": "STAMFORD FIELD OFFICE",
        "coOpId": "246",
        "CoOpName": "NEW YORK METRO",
        "driveThru": true,
        "outDoorPlayGround": true,
        "indoorPlayGround": true,
        "breakfast": false,
        "nightMenu": true,
        "timeZone": "(GMT-05:00) Eastern Time (US & Canada)"
      }
    },
    {
      "type": "Feature",
      "geometry": {
        "type": "Point",
        "coordinates": [
          -73.876884,
          40.840401
        ]
      },
      "properties": {
        "shortDescription": "EAST TREMONT",
        "longDescription": "EAST TREMONT",
        "id": "195500285726:en-US",
        "hasIndoorDining": true,
        "isTwentyFourHours": true,
        "addressLine1": "1101 E Tremont Ave",
        "addressLine3": "Bronx",
        "addressLine4": "United States",
        "subDivision": "NY",
        "postcode": "10460",
        "customAddress": "Bronx, NY 10460",
        "telephone": "(718) 824-4123",
        "restaurantHoursMonday": "05:00 - 22:00",
        "restaurantHoursTuesday": "05:00 - 22:00",
        "restaurantHoursWednesday": "05:00 - 22:00",
        "restaurantHoursThursday": "05:00 - 22:00",
        "restaurantHoursFriday": "05:00 - 22:00",
        "restaurantHoursSaturday": "05:00 - 22:00",
        "restaurantHoursSunday": "05:00 - 22:00",
        "nationalStoreNumber": "14518",
        "entityId": "20712",
        "regionId": "30",
        "coOp": "STAMFORD FIELD OFFICE",
        "coOpId": "246",
        "CoOpName": "NEW YORK METRO",
        "driveThru": true,
        "outDoorPlayGround": true,
        "indoorPlayGround": true,
        "breakfast": false,
        "nightMenu": true,
        "timeZone": "(GMT-05:00) Eastern Time (US & Canada)"
      }
    },
    {
      "type": "Feature",
      "geometry": {
        "type": "Point",
        "coordinates": [
          -74.016922,
          40.806927
        ]
      },
      "properties": {
        "shortDescription": "NORTH BERGEN",
        "longDescription": "NORTH BERGEN",
        "id": "195500277400:en-US",
        "hasIndoorDining": true,
        "isTwentyFourHours": false,
        "addressLine1": "8101 Tonnelle Ave",
        "addressLine3": "North Bergen",
        "addressLine4": "United States",
        "subDivision": "NJ",
        "postcode": "07047",
        "customAddress": "North Bergen, NJ 07047",
        "telephone": "(201) 868-9888",
        "restaurantHoursMonday": "06:00 - 23:00",
        "restaurantHoursTuesday": "06:00 - 23:00",
        "restaurantHoursWednesday": "06:00 - 23:00",
        "restaurantHoursThursday": "06:00 - 23:00",
        "restaurantHoursFriday": "06:00 - 23:00",
        "restaurantHoursSaturday": "06:00 - 23:00",
        "restaurantHoursSunday": "06:00 - 23:00",
        "nationalStoreNumber": "12178",
        "entityId": "18530",
        "regionId": "30",
        "coOp": "STAMFORD FIELD OFFICE",
        "coOpId": "246",
        "CoOpName": "NEW YORK METRO",
        "driveThru": true,
        "outDoorPlayGround": true,
        "indoorPlayGround": true,
        "breakfast": false,
        "nightMenu": true,
        "timeZone": "(GMT-05:00) Eastern Time (US & Canada)"
      }
    },
    {
      "type": "Feature",
      "geometry": {
        "type": "Point",
        "coordinates": [
          -73.926186,
          40.760616
        ]
      },
      "properties": {
        "shortDescription": "L.I.CITY-31ST",
        "longDescription": "L.I.CITY-31ST",
        "id": "195500281780:en-US",
        "hasIndoorDining": false,
        "isTwentyFourHours": true,
        "addressLine1": "32-55 31st St",
        "addressLine3": "Long Island City",
        "addressLine4": "United States",
        "subDivision": "NY",
        "postcode": "11106",
        "customAddress": "Long Island City, NY 11106",
        "telephone": "(718) 545-6803",
        "restaurantHoursMonday": "06:00 - 00:00",
        "restaurantHoursTuesday": "06:00 - 00:00",
        "restaurantHoursWednesday": "06:00 - 00:00",
        "restaurantHoursThursday": "06:00 - 00:00",
        "restaurantHoursFriday": "06:00 - 00:00",
        "restaurantHoursSaturday": "06:00 - 00:00",
        "restaurantHoursSunday": "06:00 - 00:00",
        "nationalStoreNumber": "2179",
        "entityId": "19361",
        "regionId": "30",
        "coOp": "STAMFORD FIELD OFFICE",
        "coOpId": "246",
        "CoOpName": "NEW YORK METRO",
        "driveThru": true,
        "outDoorPlayGround": true,
        "indoorPlayGround": true,
        "breakfast": false,
        "nightMenu": true,
        "timeZone": "(GMT-05:00) Eastern Time (US & Canada)"
      }
    },
    {
      "type": "Feature",
      "geometry": {
        "type": "Point",
        "coordinates": [
          -73.897368,
          40.866985
        ]
      },
      "properties": {
        "shortDescription": "BRONX-2614 JEROM",
        "longDescription": "BRONX-2614 JEROM",
        "id": "195500282602:en-US",
        "hasIndoorDining": true,
        "isTwentyFourHours": true,
        "addressLine1": "2630 Jerome Ave",
        "addressLine3": "Bronx",
        "addressLine4": "United States",
        "subDivision": "NY",
        "postcode": "10468",
        "customAddress": "Bronx, NY 10468",
        "telephone": "(718) 220-1982",
        "restaurantHoursMonday": "06:00 - 00:00",
        "restaurantHoursTuesday": "06:00 - 00:00",
        "restaurantHoursWednesday": "06:00 - 00:00",
        "restaurantHoursThursday": "06:00 - 00:00",
        "restaurantHoursFriday": "06:00 - 00:00",
        "restaurantHoursSaturday": "06:00 - 00:00",
        "restaurantHoursSunday": "06:00 - 00:00",
        "nationalStoreNumber": "2988",
        "entityId": "19526",
        "regionId": "30",
        "coOp": "STAMFORD FIELD OFFICE",
        "coOpId": "246",
        "CoOpName": "NEW YORK METRO",
        "driveThru": true,
        "outDoorPlayGround": true,
        "indoorPlayGround": true,
        "breakfast": false,
        "nightMenu": true,
        "timeZone": "(GMT-05:00) Eastern Time (US & Canada)"
      }
    },
    {
      "type": "Feature",
      "geometry": {
        "type": "Point",
        "coordinates": [
          -73.881203,
          40.856411
        ]
      },
      "properties": {
        "shortDescription": "BRONX SOUT",
        "longDescription": "BRONX ZOO",
        "id": "195500284347:en-US",
        "hasIndoorDining": true,
        "isTwentyFourHours": true,
        "addressLine1": "2505 Southern Blvd",
        "addressLine3": "Bronx",
        "addressLine4": "United States",
        "subDivision": "NY",
        "postcode": "10458",
        "customAddress": "Bronx, NY 10458",
        "telephone": "(718) 364-2493",
        "restaurantHoursMonday": "06:00 - 00:00",
        "restaurantHoursTuesday": "06:00 - 00:00",
        "restaurantHoursWednesday": "06:00 - 00:00",
        "restaurantHoursThursday": "06:00 - 00:00",
        "restaurantHoursFriday": "06:00 - 01:00",
        "restaurantHoursSaturday": "06:00 - 01:00",
        "restaurantHoursSunday": "06:00 - 00:00",
        "nationalStoreNumber": "7975",
        "entityId": "20165",
        "regionId": "30",
        "coOp": "STAMFORD FIELD OFFICE",
        "coOpId": "246",
        "CoOpName": "NEW YORK METRO",
        "driveThru": true,
        "outDoorPlayGround": true,
        "indoorPlayGround": true,
        "breakfast": false,
        "nightMenu": true,
        "timeZone": "(GMT-05:00) Eastern Time (US & Canada)"
      }
    },
    {
      "type": "Feature",
      "geometry": {
        "type": "Point",
        "coordinates": [
          -73.967323,
          40.760838
        ]
      },
      "properties": {
        "shortDescription": "MANHATTAN-58 & 3",
        "longDescription": "MANHATTAN-58 & 3",
        "id": "195500281940:en-US",
        "hasIndoorDining": true,
        "isTwentyFourHours": false,
        "addressLine1": "966 3rd Ave",
        "addressLine3": "New York",
        "addressLine4": "United States",
        "subDivision": "NY",
        "postcode": "10022",
        "customAddress": "New York, NY 10022",
        "telephone": "(212) 753-5360",
        "restaurantHoursMonday": "06:00 - 00:00",
        "restaurantHoursTuesday": "06:00 - 00:00",
        "restaurantHoursWednesday": "06:00 - 04:00",
        "restaurantHoursThursday": "00:00 - 00:00",
        "restaurantHoursFriday": "00:00 - 00:00",
        "restaurantHoursSaturday": "00:00 - 00:00",
        "restaurantHoursSunday": "06:00 - 00:00",
        "nationalStoreNumber": "2663",
        "entityId": "19407",
        "regionId": "30",
        "coOp": "STAMFORD FIELD OFFICE",
        "coOpId": "246",
        "CoOpName": "NEW YORK METRO",
        "driveThru": true,
        "outDoorPlayGround": true,
        "indoorPlayGround": true,
        "breakfast": false,
        "nightMenu": true,
        "timeZone": "(GMT-05:00) Eastern Time (US & Canada)"
      }
    },
    {
      "type": "Feature",
      "geometry": {
        "type": "Point",
        "coordinates": [
          -73.861679,
          40.826378
        ]
      },
      "properties": {
        "shortDescription": "BRUCKNER 1",
        "longDescription": "BRUCKNER 1",
        "id": "195500281438:en-US",
        "hasIndoorDining": true,
        "isTwentyFourHours": true,
        "addressLine1": "1865 Bruckner Blvd",
        "addressLine3": "Bronx",
        "addressLine4": "United States",
        "subDivision": "NY",
        "postcode": "10472",
        "customAddress": "Bronx, NY 10472",
        "telephone": "(718) 863-7289",
        "restaurantHoursMonday": "00:00 - 00:00",
        "restaurantHoursTuesday": "00:00 - 00:00",
        "restaurantHoursWednesday": "00:00 - 00:00",
        "restaurantHoursThursday": "00:00 - 00:00",
        "restaurantHoursFriday": "00:00 - 00:00",
        "restaurantHoursSaturday": "00:00 - 00:00",
        "restaurantHoursSunday": "00:00 - 00:00",
        "nationalStoreNumber": "2686",
        "entityId": "19288",
        "regionId": "30",
        "coOp": "STAMFORD FIELD OFFICE",
        "coOpId": "246",
        "CoOpName": "NEW YORK METRO",
        "driveThru": true,
        "outDoorPlayGround": true,
        "indoorPlayGround": true,
        "breakfast": false,
        "nightMenu": true,
        "timeZone": "(GMT-05:00) Eastern Time (US & Canada)"
      }
    },
    {
      "type": "Feature",
      "geometry": {
        "type": "Point",
        "coordinates": [
          -73.983273,
          40.765877
        ]
      },
      "properties": {
        "shortDescription": "MANHATAN-946 8TH",
        "longDescription": "MANHATAN-946 8TH",
        "id": "195500282053:en-US",
        "hasIndoorDining": true,
        "isTwentyFourHours": true,
        "addressLine1": "946 8th Ave",
        "addressLine3": "New York",
        "addressLine4": "United States",
        "subDivision": "NY",
        "postcode": "10019",
        "customAddress": "New York, NY 10019",
        "telephone": "(212) 586-6676",
        "restaurantHoursMonday": "06:00 - 00:00",
        "restaurantHoursTuesday": "06:00 - 00:00",
        "restaurantHoursWednesday": "06:00 - 00:00",
        "restaurantHoursThursday": "06:00 - 00:00",
        "restaurantHoursFriday": "06:00 - 00:00",
        "restaurantHoursSaturday": "06:00 - 00:00",
        "restaurantHoursSunday": "06:00 - 00:00",
        "nationalStoreNumber": "2446",
        "entityId": "19424",
        "regionId": "30",
        "coOp": "STAMFORD FIELD OFFICE",
        "coOpId": "246",
        "CoOpName": "NEW YORK METRO",
        "driveThru": true,
        "outDoorPlayGround": true,
        "indoorPlayGround": true,
        "breakfast": false,
        "nightMenu": true,
        "timeZone": "(GMT-05:00) Eastern Time (US & Canada)"
      }
    },
    {
      "type": "Feature",
      "geometry": {
        "type": "Point",
        "coordinates": [
          -73.918343,
          40.759495
        ]
      },
      "properties": {
        "shortDescription": "QUEENS-STEINWAY",
        "longDescription": "QUEENS-STEINWAY",
        "id": "195500282398:en-US",
        "hasIndoorDining": true,
        "isTwentyFourHours": true,
        "addressLine1": "31-67 Steinway St",
        "addressLine3": "Astoria",
        "addressLine4": "United States",
        "subDivision": "NY",
        "postcode": "11103",
        "customAddress": "Astoria, NY 11103",
        "telephone": "(718) 267-1343",
        "restaurantHoursMonday": "00:00 - 00:00",
        "restaurantHoursTuesday": "00:00 - 00:00",
        "restaurantHoursWednesday": "00:00 - 00:00",
        "restaurantHoursThursday": "00:00 - 00:00",
        "restaurantHoursFriday": "00:00 - 00:00",
        "restaurantHoursSaturday": "00:00 - 00:00",
        "restaurantHoursSunday": "00:00 - 00:00",
        "nationalStoreNumber": "3025",
        "entityId": "19489",
        "regionId": "30",
        "coOp": "STAMFORD FIELD OFFICE",
        "coOpId": "246",
        "CoOpName": "NEW YORK METRO",
        "driveThru": true,
        "outDoorPlayGround": true,
        "indoorPlayGround": true,
        "breakfast": false,
        "nightMenu": true,
        "timeZone": "(GMT-05:00) Eastern Time (US & Canada)"
      }
    },
    {
      "type": "Feature",
      "geometry": {
        "type": "Point",
        "coordinates": [
          -73.983757,
          40.762244
        ]
      },
      "properties": {
        "shortDescription": "51ST/BWY TIME SQ",
        "longDescription": "51ST AND BRDWY - TIME SQUARE",
        "id": "195500286426:en-US",
        "hasIndoorDining": true,
        "isTwentyFourHours": false,
        "addressLine1": "1651 Broadway (51st & Broadway)",
        "addressLine3": "Manhattan",
        "addressLine4": "United States",
        "subDivision": "NY",
        "postcode": "10019",
        "customAddress": "Manhattan, NY 10019",
        "telephone": "(212) 586-5530",
        "restaurantHoursMonday": "06:00 - 00:00",
        "restaurantHoursTuesday": "06:00 - 00:00",
        "restaurantHoursWednesday": "06:00 - 00:00",
        "restaurantHoursThursday": "06:00 - 00:00",
        "restaurantHoursFriday": "00:00 - 00:00",
        "restaurantHoursSaturday": "00:00 - 00:00",
        "restaurantHoursSunday": "06:00 - 00:00",
        "nationalStoreNumber": "18884",
        "entityId": "20901",
        "regionId": "30",
        "coOp": "STAMFORD FIELD OFFICE",
        "coOpId": "246",
        "CoOpName": "NEW YORK METRO",
        "driveThru": true,
        "outDoorPlayGround": true,
        "indoorPlayGround": true,
        "breakfast": false,
        "nightMenu": true,
        "timeZone": "(GMT-05:00) Eastern Time (US & Canada)"
      }
    },
    {
      "type": "Feature",
      "geometry": {
        "type": "Point",
        "coordinates": [
          -73.858545,
          40.833219
        ]
      },
      "properties": {
        "shortDescription": "BRONX-WESTCHSTR",
        "longDescription": "BRONX-WESTCHSTR",
        "id": "195500282565:en-US",
        "hasIndoorDining": true,
        "isTwentyFourHours": true,
        "addressLine1": "1982 Westchester Avenue",
        "addressLine3": "Bronx",
        "addressLine4": "United States",
        "subDivision": "NY",
        "postcode": "10462",
        "customAddress": "Bronx, NY 10462",
        "telephone": "(347) 802-4395",
        "restaurantHoursMonday": "00:00 - 00:00",
        "restaurantHoursTuesday": "00:00 - 00:00",
        "restaurantHoursWednesday": "00:00 - 00:00",
        "restaurantHoursThursday": "00:00 - 00:00",
        "restaurantHoursFriday": "00:00 - 00:00",
        "restaurantHoursSaturday": "00:00 - 00:00",
        "restaurantHoursSunday": "00:00 - 00:00",
        "nationalStoreNumber": "2938",
        "entityId": "19520",
        "regionId": "30",
        "coOp": "STAMFORD FIELD OFFICE",
        "coOpId": "246",
        "CoOpName": "NEW YORK METRO",
        "driveThru": true,
        "outDoorPlayGround": true,
        "indoorPlayGround": true,
        "breakfast": false,
        "nightMenu": true,
        "timeZone": "(GMT-05:00) Eastern Time (US & Canada)"
      }
    },
    {
      "type": "Feature",
      "geometry": {
        "type": "Point",
        "coordinates": [
          -73.970751,
          40.756163
        ]
      },
      "properties": {
        "shortDescription": "824 THIRD AVE",
        "longDescription": "824 THIRD AVE",
        "id": "195500286204:en-US",
        "hasIndoorDining": true,
        "isTwentyFourHours": true,
        "addressLine1": "824 3rd Avenue 50th St",
        "addressLine3": "New York",
        "addressLine4": "United States",
        "subDivision": "NY",
        "postcode": "10022",
        "customAddress": "New York, NY 10022",
        "telephone": "(646) 918-6867",
        "restaurantHoursMonday": "06:00 - 23:00",
        "restaurantHoursTuesday": "06:00 - 23:00",
        "restaurantHoursWednesday": "06:00 - 23:00",
        "restaurantHoursThursday": "06:00 - 23:00",
        "restaurantHoursFriday": "06:00 - 23:00",
        "restaurantHoursSaturday": "06:00 - 23:00",
        "restaurantHoursSunday": "06:00 - 23:00",
        "nationalStoreNumber": "17631",
        "entityId": "20841",
        "regionId": "30",
        "coOp": "STAMFORD FIELD OFFICE",
        "coOpId": "246",
        "CoOpName": "NEW YORK METRO",
        "driveThru": true,
        "outDoorPlayGround": true,
        "indoorPlayGround": true,
        "breakfast": false,
        "nightMenu": true,
        "timeZone": "(GMT-05:00) Eastern Time (US & Canada)"
      }
    },
    {
      "type": "Feature",
      "geometry": {
        "type": "Point",
        "coordinates": [
          -74.018883,
          40.785122
        ]
      },
      "properties": {
        "shortDescription": "W NW YORK-BRGNLN",
        "longDescription": "W NW YORK-BRGNLN",
        "id": "195500273631:en-US",
        "hasIndoorDining": true,
        "isTwentyFourHours": false,
        "addressLine1": "5400 Bergenline Ave",
        "addressLine3": "West New York",
        "addressLine4": "United States",
        "subDivision": "NJ",
        "postcode": "07093",
        "customAddress": "West New York, NJ 07093",
        "telephone": "(201) 205-1242",
        "restaurantHoursMonday": "06:00 - 00:00",
        "restaurantHoursTuesday": "06:00 - 00:00",
        "restaurantHoursWednesday": "06:00 - 00:00",
        "restaurantHoursThursday": "06:00 - 00:00",
        "restaurantHoursFriday": "06:00 - 02:00",
        "restaurantHoursSaturday": "06:00 - 02:00",
        "restaurantHoursSunday": "06:00 - 00:00",
        "nationalStoreNumber": "3495",
        "entityId": "18200",
        "regionId": "30",
        "coOp": "STAMFORD FIELD OFFICE",
        "coOpId": "246",
        "CoOpName": "NEW YORK METRO",
        "driveThru": true,
        "outDoorPlayGround": true,
        "indoorPlayGround": true,
        "breakfast": false,
        "nightMenu": true,
        "timeZone": "(GMT-05:00) Eastern Time (US & Canada)"
      }
    },
    {
      "type": "Feature",
      "geometry": {
        "type": "Point",
        "coordinates": [
          -73.867477,
          40.855529
        ]
      },
      "properties": {
        "shortDescription": "2170 WHITE PLAIN",
        "longDescription": "2170 WHITE PLAIN",
        "id": "195500286532:en-US",
        "hasIndoorDining": true,
        "isTwentyFourHours": false,
        "addressLine1": "2170 White Plains Rd",
        "addressLine3": "Bronx",
        "addressLine4": "United States",
        "subDivision": "NY",
        "postcode": "10462",
        "customAddress": "Bronx, NY 10462",
        "telephone": "(718) 931-5822",
        "restaurantHoursMonday": "06:00 - 23:00",
        "restaurantHoursTuesday": "06:00 - 23:00",
        "restaurantHoursWednesday": "06:00 - 23:00",
        "restaurantHoursThursday": "06:00 - 23:00",
        "restaurantHoursFriday": "06:00 - 23:00",
        "restaurantHoursSaturday": "06:00 - 23:00",
        "restaurantHoursSunday": "06:00 - 23:00",
        "nationalStoreNumber": "19862",
        "entityId": "20928",
        "regionId": "30",
        "coOp": "STAMFORD FIELD OFFICE",
        "coOpId": "246",
        "CoOpName": "NEW YORK METRO",
        "driveThru": true,
        "outDoorPlayGround": true,
        "indoorPlayGround": true,
        "breakfast": false,
        "nightMenu": true,
        "timeZone": "(GMT-05:00) Eastern Time (US & Canada)"
      }
    },
    {
      "type": "Feature",
      "geometry": {
        "type": "Point",
        "coordinates": [
          -73.977799,
          40.756223
        ]
      },
      "properties": {
        "shortDescription": "MANHATTAN-47 ST",
        "longDescription": "MANHATTAN-47 ST",
        "id": "195500284354:en-US",
        "hasIndoorDining": true,
        "isTwentyFourHours": false,
        "addressLine1": "14 E 47th St",
        "addressLine3": "Manhattan",
        "addressLine4": "United States",
        "subDivision": "NY",
        "postcode": "10017",
        "customAddress": "Manhattan, NY 10017",
        "telephone": "(646) 649-2822",
        "restaurantHoursMonday": "06:00 - 23:00",
        "restaurantHoursTuesday": "06:00 - 23:00",
        "restaurantHoursWednesday": "06:00 - 23:00",
        "restaurantHoursThursday": "06:00 - 23:00",
        "restaurantHoursFriday": "06:00 - 23:00",
        "restaurantHoursSaturday": "06:00 - 23:00",
        "restaurantHoursSunday": "06:00 - 23:00",
        "nationalStoreNumber": "7552",
        "entityId": "20167",
        "regionId": "30",
        "coOp": "STAMFORD FIELD OFFICE",
        "coOpId": "246",
        "CoOpName": "NEW YORK METRO",
        "driveThru": true,
        "outDoorPlayGround": true,
        "indoorPlayGround": true,
        "breakfast": false,
        "nightMenu": true,
        "timeZone": "(GMT-05:00) Eastern Time (US & Canada)"
      }
    },
    {
      "type": "Feature",
      "geometry": {
        "type": "Point",
        "coordinates": [
          -73.98185,
          40.757629
        ]
      },
      "properties": {
        "shortDescription": "1188 6TH AVE",
        "longDescription": "1188 6TH AVE",
        "id": "195500285627:en-US",
        "hasIndoorDining": true,
        "isTwentyFourHours": true,
        "addressLine1": "1188 6th Ave",
        "addressLine3": "New York",
        "addressLine4": "United States",
        "subDivision": "NY",
        "postcode": "10036",
        "customAddress": "New York, NY 10036",
        "telephone": "(917) 965-2723",
        "restaurantHoursMonday": "00:00 - 00:00",
        "restaurantHoursTuesday": "00:00 - 00:00",
        "restaurantHoursWednesday": "00:00 - 00:00",
        "restaurantHoursThursday": "00:00 - 00:00",
        "restaurantHoursFriday": "00:00 - 00:00",
        "restaurantHoursSaturday": "00:00 - 00:00",
        "restaurantHoursSunday": "00:00 - 00:00",
        "nationalStoreNumber": "14106",
        "entityId": "20685",
        "regionId": "30",
        "coOp": "STAMFORD FIELD OFFICE",
        "coOpId": "246",
        "CoOpName": "NEW YORK METRO",
        "driveThru": true,
        "outDoorPlayGround": true,
        "indoorPlayGround": true,
        "breakfast": false,
        "nightMenu": true,
        "timeZone": "(GMT-05:00) Eastern Time (US & Canada)"
      }
    },
    {
      "type": "Feature",
      "geometry": {
        "type": "Point",
        "coordinates": [
          -73.908358,
          40.75348
        ]
      },
      "properties": {
        "shortDescription": "WOODSIDE",
        "longDescription": "WOODSIDE",
        "id": "195500285177:en-US",
        "hasIndoorDining": true,
        "isTwentyFourHours": true,
        "addressLine1": "51-35 Northern Blvd",
        "addressLine3": "Woodside",
        "addressLine4": "United States",
        "subDivision": "NY",
        "postcode": "11377",
        "customAddress": "Woodside, NY 11377",
        "telephone": "(718) 545-3287",
        "restaurantHoursMonday": "00:00 - 00:00",
        "restaurantHoursTuesday": "00:00 - 00:00",
        "restaurantHoursWednesday": "00:00 - 00:00",
        "restaurantHoursThursday": "00:00 - 00:00",
        "restaurantHoursFriday": "00:00 - 00:00",
        "restaurantHoursSaturday": "00:00 - 00:00",
        "restaurantHoursSunday": "00:00 - 00:00",
        "nationalStoreNumber": "12266",
        "entityId": "20509",
        "regionId": "30",
        "coOp": "STAMFORD FIELD OFFICE",
        "coOpId": "246",
        "CoOpName": "NEW YORK METRO",
        "driveThru": true,
        "outDoorPlayGround": true,
        "indoorPlayGround": true,
        "breakfast": false,
        "nightMenu": true,
        "timeZone": "(GMT-05:00) Eastern Time (US & Canada)"
      }
    },
    {
      "type": "Feature",
      "geometry": {
        "type": "Point",
        "coordinates": [
          -73.985452,
          40.757385
        ]
      },
      "properties": {
        "shortDescription": "1530 BROAD",
        "longDescription": "TIMES SQUARE 1528 BROADWAY",
        "id": "195500652238:en-US",
        "hasIndoorDining": true,
        "isTwentyFourHours": true,
        "addressLine1": "1528 Broadway (Times Square)",
        "addressLine3": "New York",
        "addressLine4": "United States",
        "subDivision": "NY",
        "postcode": "10036",
        "customAddress": "New York, NY 10036",
        "telephone": "(917) 409-5946",
        "restaurantHoursMonday": "00:00 - 00:00",
        "restaurantHoursTuesday": "00:00 - 00:00",
        "restaurantHoursWednesday": "00:00 - 00:00",
        "restaurantHoursThursday": "00:00 - 00:00",
        "restaurantHoursFriday": "00:00 - 00:00",
        "restaurantHoursSaturday": "00:00 - 00:00",
        "restaurantHoursSunday": "00:00 - 00:00",
        "nationalStoreNumber": "39147",
        "entityId": "216830",
        "regionId": "30",
        "coOp": "STAMFORD FIELD OFFICE",
        "coOpId": "246",
        "CoOpName": "NEW YORK METRO",
        "driveThru": true,
        "outDoorPlayGround": true,
        "indoorPlayGround": true,
        "breakfast": false,
        "nightMenu": true,
        "timeZone": "(GMT-05:00) Eastern Time (US & Canada)"
      }
    },
    {
      "type": "Feature",
      "geometry": {
        "type": "Point",
        "coordinates": [
          -73.880943,
          40.764374
        ]
      },
      "properties": {
        "shortDescription": "QUEENS-ASTORIA",
        "longDescription": "QUEENS-ASTORIA",
        "id": "195500281124:en-US",
        "hasIndoorDining": true,
        "isTwentyFourHours": true,
        "addressLine1": "88-05 Astoria Blvd",
        "addressLine3": "East Elmhurst",
        "addressLine4": "United States",
        "subDivision": "NY",
        "postcode": "11369",
        "customAddress": "East Elmhurst, NY 11369",
        "telephone": "(718) 898-7437",
        "restaurantHoursMonday": "06:00 - 23:00",
        "restaurantHoursTuesday": "06:00 - 23:00",
        "restaurantHoursWednesday": "06:00 - 23:00",
        "restaurantHoursThursday": "06:00 - 23:00",
        "restaurantHoursFriday": "06:00 - 23:00",
        "restaurantHoursSaturday": "06:00 - 23:00",
        "restaurantHoursSunday": "06:00 - 23:00",
        "nationalStoreNumber": "1159",
        "entityId": "19211",
        "regionId": "30",
        "coOp": "STAMFORD FIELD OFFICE",
        "coOpId": "246",
        "CoOpName": "NEW YORK METRO",
        "driveThru": true,
        "outDoorPlayGround": true,
        "indoorPlayGround": true,
        "breakfast": false,
        "nightMenu": true,
        "timeZone": "(GMT-05:00) Eastern Time (US & Canada)"
      }
    },
    {
      "type": "Feature",
      "geometry": {
        "type": "Point",
        "coordinates": [
          -73.989891,
          40.757477
        ]
      },
      "properties": {
        "shortDescription": "8TH & 42ND",
        "longDescription": "42ND AND 8TH-NEW YORK, NY",
        "id": "195500894232:en-US",
        "hasIndoorDining": true,
        "isTwentyFourHours": true,
        "addressLine1": "661 8th Ave",
        "addressLine3": "New York",
        "addressLine4": "United States",
        "subDivision": "NY",
        "postcode": "10036",
        "customAddress": "New York, NY 10036",
        "telephone": "(212) 320-2267",
        "restaurantHoursMonday": "00:00 - 00:00",
        "restaurantHoursTuesday": "00:00 - 00:00",
        "restaurantHoursWednesday": "00:00 - 00:00",
        "restaurantHoursThursday": "00:00 - 00:00",
        "restaurantHoursFriday": "00:00 - 00:00",
        "restaurantHoursSaturday": "00:00 - 00:00",
        "restaurantHoursSunday": "00:00 - 00:00",
        "nationalStoreNumber": "39704",
        "entityId": "225843",
        "regionId": "30",
        "coOp": "STAMFORD FIELD OFFICE",
        "coOpId": "246",
        "CoOpName": "NEW YORK METRO",
        "driveThru": true,
        "outDoorPlayGround": true,
        "indoorPlayGround": true,
        "breakfast": false,
        "nightMenu": true,
        "timeZone": "(GMT-05:00) Eastern Time (US & Canada)"
      }
    },
    {
      "type": "Feature",
      "geometry": {
        "type": "Point",
        "coordinates": [
          -73.98028,
          40.753042
        ]
      },
      "properties": {
        "shortDescription": "18 EAST 42ND STR",
        "longDescription": "18 EAST 42ND STREET",
        "id": "195500337746:en-US",
        "hasIndoorDining": false,
        "isTwentyFourHours": true,
        "addressLine1": "18 E 42nd St",
        "addressLine3": "New York",
        "addressLine4": "United States",
        "subDivision": "NY",
        "postcode": "10017",
        "customAddress": "New York, NY 10017",
        "telephone": "(212) 599-2127",
        "restaurantHoursMonday": "06:00 - 23:00",
        "restaurantHoursTuesday": "06:00 - 23:00",
        "restaurantHoursWednesday": "06:00 - 23:00",
        "restaurantHoursThursday": "04:00 - 03:45",
        "restaurantHoursFriday": "04:00 - 03:45",
        "restaurantHoursSaturday": "04:00 - 03:45",
        "restaurantHoursSunday": "06:00 - 23:00",
        "nationalStoreNumber": "25696",
        "entityId": "134858",
        "regionId": "30",
        "coOp": "STAMFORD FIELD OFFICE",
        "coOpId": "246",
        "CoOpName": "NEW YORK METRO",
        "driveThru": true,
        "outDoorPlayGround": true,
        "indoorPlayGround": true,
        "breakfast": false,
        "nightMenu": true,
        "timeZone": "(GMT-05:00) Eastern Time (US & Canada)"
      }
    },
    {
      "type": "Feature",
      "geometry": {
        "type": "Point",
        "coordinates": [
          -73.988188,
          40.754673
        ]
      },
      "properties": {
        "shortDescription": "MANH-7TH AV & 40",
        "longDescription": "MANH-7TH AV & 40",
        "id": "195500283098:en-US",
        "hasIndoorDining": true,
        "isTwentyFourHours": false,
        "addressLine1": "556 7th Ave",
        "addressLine3": "New York",
        "addressLine4": "United States",
        "subDivision": "NY",
        "postcode": "10018",
        "customAddress": "New York, NY 10018",
        "telephone": "(212) 869-1918",
        "restaurantHoursMonday": "06:00 - 00:00",
        "restaurantHoursTuesday": "06:00 - 00:00",
        "restaurantHoursWednesday": "06:00 - 00:00",
        "restaurantHoursThursday": "06:00 - 04:00",
        "restaurantHoursFriday": "00:00 - 00:00",
        "restaurantHoursSaturday": "00:00 - 00:00",
        "restaurantHoursSunday": "06:00 - 00:00",
        "nationalStoreNumber": "4019",
        "entityId": "19648",
        "regionId": "30",
        "coOp": "STAMFORD FIELD OFFICE",
        "coOpId": "246",
        "CoOpName": "NEW YORK METRO",
        "driveThru": true,
        "outDoorPlayGround": true,
        "indoorPlayGround": true,
        "breakfast": false,
        "nightMenu": true,
        "timeZone": "(GMT-05:00) Eastern Time (US & Canada)"
      }
    },
    {
      "type": "Feature",
      "geometry": {
        "type": "Point",
        "coordinates": [
          -73.878677,
          40.872894
        ]
      },
      "properties": {
        "shortDescription": "BRONX-PERRY",
        "longDescription": "BRONX-PERRY",
        "id": "195500282022:en-US",
        "hasIndoorDining": true,
        "isTwentyFourHours": false,
        "addressLine1": "300 E 204th St",
        "addressLine3": "Bronx",
        "addressLine4": "United States",
        "subDivision": "NY",
        "postcode": "10467",
        "customAddress": "Bronx, NY 10467",
        "telephone": "(718) 653-1387",
        "restaurantHoursMonday": "06:00 - 23:00",
        "restaurantHoursTuesday": "06:00 - 23:00",
        "restaurantHoursWednesday": "06:00 - 23:00",
        "restaurantHoursThursday": "06:00 - 23:00",
        "restaurantHoursFriday": "06:00 - 23:00",
        "restaurantHoursSaturday": "06:00 - 23:00",
        "restaurantHoursSunday": "06:00 - 23:00",
        "nationalStoreNumber": "2408",
        "entityId": "19421",
        "regionId": "30",
        "coOp": "STAMFORD FIELD OFFICE",
        "coOpId": "246",
        "CoOpName": "NEW YORK METRO",
        "driveThru": true,
        "outDoorPlayGround": true,
        "indoorPlayGround": true,
        "breakfast": false,
        "nightMenu": true,
        "timeZone": "(GMT-05:00) Eastern Time (US & Canada)"
      }
    },
    {
      "type": "Feature",
      "geometry": {
        "type": "Point",
        "coordinates": [
          -73.901711,
          40.884045
        ]
      },
      "properties": {
        "shortDescription": "BRONX-BROADWAY",
        "longDescription": "BRONX-BROADWAY",
        "id": "195500282251:en-US",
        "hasIndoorDining": true,
        "isTwentyFourHours": true,
        "addressLine1": "5765 Broadway",
        "addressLine3": "Bronx",
        "addressLine4": "United States",
        "subDivision": "NY",
        "postcode": "10463",
        "customAddress": "Bronx, NY 10463",
        "telephone": "(718) 796-4447",
        "restaurantHoursMonday": "00:00 - 00:00",
        "restaurantHoursTuesday": "00:00 - 00:00",
        "restaurantHoursWednesday": "00:00 - 00:00",
        "restaurantHoursThursday": "00:00 - 00:00",
        "restaurantHoursFriday": "00:00 - 00:00",
        "restaurantHoursSaturday": "00:00 - 00:00",
        "restaurantHoursSunday": "00:00 - 00:00",
        "nationalStoreNumber": "2765",
        "entityId": "19461",
        "regionId": "30",
        "coOp": "STAMFORD FIELD OFFICE",
        "coOpId": "246",
        "CoOpName": "NEW YORK METRO",
        "driveThru": true,
        "outDoorPlayGround": true,
        "indoorPlayGround": true,
        "breakfast": false,
        "nightMenu": true,
        "timeZone": "(GMT-05:00) Eastern Time (US & Canada)"
      }
    },
    {
      "type": "Feature",
      "geometry": {
        "type": "Point",
        "coordinates": [
          -73.867035,
          40.864037
        ]
      },
      "properties": {
        "shortDescription": "BRONX-WHT PLAINS",
        "longDescription": "BRONX-WHT PLAINS",
        "id": "195500282282:en-US",
        "hasIndoorDining": true,
        "isTwentyFourHours": false,
        "addressLine1": "2516 White Plains Rd",
        "addressLine3": "Bronx",
        "addressLine4": "United States",
        "subDivision": "NY",
        "postcode": "10467",
        "customAddress": "Bronx, NY 10467",
        "telephone": "(718) 882-7541",
        "restaurantHoursMonday": "06:00 - 23:00",
        "restaurantHoursTuesday": "06:00 - 23:00",
        "restaurantHoursWednesday": "06:00 - 23:00",
        "restaurantHoursThursday": "06:00 - 23:00",
        "restaurantHoursFriday": "06:00 - 23:00",
        "restaurantHoursSaturday": "06:00 - 23:00",
        "restaurantHoursSunday": "06:00 - 23:00",
        "nationalStoreNumber": "2658",
        "entityId": "19464",
        "regionId": "30",
        "coOp": "STAMFORD FIELD OFFICE",
        "coOpId": "246",
        "CoOpName": "NEW YORK METRO",
        "driveThru": true,
        "outDoorPlayGround": true,
        "indoorPlayGround": true,
        "breakfast": false,
        "nightMenu": true,
        "timeZone": "(GMT-05:00) Eastern Time (US & Canada)"
      }
    },
    {
      "type": "Feature",
      "geometry": {
        "type": "Point",
        "coordinates": [
          -73.926903,
          40.74366
        ]
      },
      "properties": {
        "shortDescription": "QUEENS LNGISCITY",
        "longDescription": "QUEENS BLVD LONG ISLAND CITY",
        "id": "195500282589:en-US",
        "hasIndoorDining": true,
        "isTwentyFourHours": true,
        "addressLine1": "3802 Queens Blvd",
        "addressLine3": "Long Island City",
        "addressLine4": "United States",
        "subDivision": "NY",
        "postcode": "11101",
        "customAddress": "Long Island City, NY 11101",
        "telephone": "(347) 345-2474",
        "restaurantHoursMonday": "05:30 - 04:00",
        "restaurantHoursTuesday": "05:30 - 04:00",
        "restaurantHoursWednesday": "05:30 - 04:00",
        "restaurantHoursThursday": "05:30 - 04:00",
        "restaurantHoursFriday": "05:30 - 04:00",
        "restaurantHoursSaturday": "05:30 - 04:00",
        "restaurantHoursSunday": "05:30 - 04:00",
        "nationalStoreNumber": "2955",
        "entityId": "19524",
        "regionId": "30",
        "coOp": "STAMFORD FIELD OFFICE",
        "coOpId": "246",
        "CoOpName": "NEW YORK METRO",
        "driveThru": true,
        "outDoorPlayGround": true,
        "indoorPlayGround": true,
        "breakfast": false,
        "nightMenu": true,
        "timeZone": "(GMT-05:00) Eastern Time (US & Canada)"
      }
    },
    {
      "type": "Feature",
      "geometry": {
        "type": "Point",
        "coordinates": [
          -73.993004,
          40.75251
        ]
      },
      "properties": {
        "shortDescription": "MANH/8TH & 34TH",
        "longDescription": "MANH/8TH & 34TH",
        "id": "195500282695:en-US",
        "hasIndoorDining": true,
        "isTwentyFourHours": true,
        "addressLine1": "490 8th Ave",
        "addressLine3": "Manhattan",
        "addressLine4": "United States",
        "subDivision": "NY",
        "postcode": "10001",
        "customAddress": "Manhattan, NY 10001",
        "telephone": "(917) 965-2018",
        "restaurantHoursMonday": "00:00 - 00:00",
        "restaurantHoursTuesday": "00:00 - 00:00",
        "restaurantHoursWednesday": "00:00 - 00:00",
        "restaurantHoursThursday": "00:00 - 00:00",
        "restaurantHoursFriday": "00:00 - 00:00",
        "restaurantHoursSaturday": "00:00 - 00:00",
        "restaurantHoursSunday": "00:00 - 00:00",
        "nationalStoreNumber": "3078",
        "entityId": "19542",
        "regionId": "30",
        "coOp": "STAMFORD FIELD OFFICE",
        "coOpId": "246",
        "CoOpName": "NEW YORK METRO",
        "driveThru": true,
        "outDoorPlayGround": true,
        "indoorPlayGround": true,
        "breakfast": false,
        "nightMenu": true,
        "timeZone": "(GMT-05:00) Eastern Time (US & Canada)"
      }
    },
    {
      "type": "Feature",
      "geometry": {
        "type": "Point",
        "coordinates": [
          -73.989538,
          40.750779
        ]
      },
      "properties": {
        "shortDescription": "MACY'S",
        "longDescription": "151 WEST 34TH STREET",
        "id": "195500334431:en-US",
        "hasIndoorDining": true,
        "isTwentyFourHours": true,
        "addressLine1": "151 West 34th Street (Macy'S 7th Floor)",
        "addressLine3": "New York",
        "addressLine4": "United States",
        "subDivision": "NY",
        "postcode": "10001",
        "customAddress": "New York, NY 10001",
        "telephone": "(212) 594-1964",
        "restaurantHoursMonday": "08:00 - 21:00",
        "restaurantHoursTuesday": "08:00 - 21:00",
        "restaurantHoursWednesday": "08:00 - 21:00",
        "restaurantHoursThursday": "08:00 - 21:00",
        "restaurantHoursFriday": "08:00 - 22:00",
        "restaurantHoursSaturday": "08:00 - 22:00",
        "restaurantHoursSunday": "08:00 - 21:00",
        "nationalStoreNumber": "25055",
        "entityId": "127285",
        "regionId": "30",
        "coOp": "STAMFORD FIELD OFFICE",
        "coOpId": "246",
        "CoOpName": "NEW YORK METRO",
        "driveThru": true,
        "outDoorPlayGround": true,
        "indoorPlayGround": true,
        "breakfast": false,
        "nightMenu": true,
        "timeZone": "(GMT-05:00) Eastern Time (US & Canada)"
      }
    },
    {
      "type": "Feature",
      "geometry": {
        "type": "Point",
        "coordinates": [
          -73.846611,
          40.844517
        ]
      },
      "properties": {
        "shortDescription": "BRONX-WILLMSBRDG",
        "longDescription": "BRONX-WILLMSBRDG",
        "id": "195500282626:en-US",
        "hasIndoorDining": true,
        "isTwentyFourHours": true,
        "addressLine1": "1515 Williamsbridge Rd",
        "addressLine3": "Bronx",
        "addressLine4": "United States",
        "subDivision": "NY",
        "postcode": "10461",
        "customAddress": "Bronx, NY 10461",
        "telephone": "(718) 409-1670",
        "restaurantHoursMonday": "06:00 - 00:00",
        "restaurantHoursTuesday": "06:00 - 00:00",
        "restaurantHoursWednesday": "06:00 - 00:00",
        "restaurantHoursThursday": "06:00 - 00:00",
        "restaurantHoursFriday": "06:00 - 01:00",
        "restaurantHoursSaturday": "06:00 - 01:00",
        "restaurantHoursSunday": "06:00 - 00:00",
        "nationalStoreNumber": "2885",
        "entityId": "19528",
        "regionId": "30",
        "coOp": "STAMFORD FIELD OFFICE",
        "coOpId": "246",
        "CoOpName": "NEW YORK METRO",
        "driveThru": true,
        "outDoorPlayGround": true,
        "indoorPlayGround": true,
        "breakfast": false,
        "nightMenu": true,
        "timeZone": "(GMT-05:00) Eastern Time (US & Canada)"
      }
    },
    {
      "type": "Feature",
      "geometry": {
        "type": "Point",
        "coordinates": [
          -73.990724,
          40.750544
        ]
      },
      "properties": {
        "shortDescription": "34TH/7TH - MSG",
        "longDescription": "34TH/7TH - ACROSS FROM MSG",
        "id": "195500281865:en-US",
        "hasIndoorDining": true,
        "isTwentyFourHours": true,
        "addressLine1": "429 7th Ave (Across From Msg)",
        "addressLine3": "New York",
        "addressLine4": "United States",
        "subDivision": "NY",
        "postcode": "10001",
        "customAddress": "New York, NY 10001",
        "telephone": "(212) 736-7890",
        "restaurantHoursMonday": "00:00 - 00:00",
        "restaurantHoursTuesday": "00:00 - 00:00",
        "restaurantHoursWednesday": "00:00 - 00:00",
        "restaurantHoursThursday": "00:00 - 00:00",
        "restaurantHoursFriday": "00:00 - 00:00",
        "restaurantHoursSaturday": "00:00 - 00:00",
        "restaurantHoursSunday": "00:00 - 00:00",
        "nationalStoreNumber": "2276",
        "entityId": "19376",
        "regionId": "30",
        "coOp": "STAMFORD FIELD OFFICE",
        "coOpId": "246",
        "CoOpName": "NEW YORK METRO",
        "driveThru": true,
        "outDoorPlayGround": true,
        "indoorPlayGround": true,
        "breakfast": false,
        "nightMenu": true,
        "timeZone": "(GMT-05:00) Eastern Time (US & Canada)"
      }
    },
    {
      "type": "Feature",
      "geometry": {
        "type": "Point",
        "coordinates": [
          -73.843681,
          40.840374
        ]
      },
      "properties": {
        "shortDescription": "WESTCHESTER SQUA",
        "longDescription": "WESTCHESTER SQUARE",
        "id": "195500830339:en-US",
        "hasIndoorDining": true,
        "isTwentyFourHours": true,
        "addressLine1": "16 Westchester Square",
        "addressLine3": "New York",
        "addressLine4": "United States",
        "subDivision": "NY",
        "postcode": "10461",
        "customAddress": "New York, NY 10461",
        "telephone": "(718) 239-2500",
        "restaurantHoursMonday": "00:00 - 00:00",
        "restaurantHoursTuesday": "00:00 - 00:00",
        "restaurantHoursWednesday": "00:00 - 00:00",
        "restaurantHoursThursday": "00:00 - 00:00",
        "restaurantHoursFriday": "00:00 - 00:00",
        "restaurantHoursSaturday": "00:00 - 00:00",
        "restaurantHoursSunday": "00:00 - 00:00",
        "nationalStoreNumber": "37347",
        "entityId": "205317",
        "regionId": "30",
        "coOp": "STAMFORD FIELD OFFICE",
        "coOpId": "246",
        "CoOpName": "NEW YORK METRO",
        "driveThru": true,
        "outDoorPlayGround": true,
        "indoorPlayGround": true,
        "breakfast": false,
        "nightMenu": true,
        "timeZone": "(GMT-05:00) Eastern Time (US & Canada)"
      }
    },
    {
      "type": "Feature",
      "geometry": {
        "type": "Point",
        "coordinates": [
          -73.978949,
          40.744904
        ]
      },
      "properties": {
        "shortDescription": "NW YORK-3RD AVE",
        "longDescription": "NW YORK-3RD AVE",
        "id": "195500282374:en-US",
        "hasIndoorDining": true,
        "isTwentyFourHours": false,
        "addressLine1": "480 3rd Ave",
        "addressLine3": "New York",
        "addressLine4": "United States",
        "subDivision": "NY",
        "postcode": "10016",
        "customAddress": "New York, NY 10016",
        "telephone": "(212) 532-8186",
        "restaurantHoursMonday": "04:00 - 00:00",
        "restaurantHoursTuesday": "06:30 - 00:00",
        "restaurantHoursWednesday": "06:30 - 04:00",
        "restaurantHoursThursday": "00:00 - 00:00",
        "restaurantHoursFriday": "00:00 - 00:00",
        "restaurantHoursSaturday": "00:00 - 00:00",
        "restaurantHoursSunday": "04:00 - 00:00",
        "nationalStoreNumber": "2813",
        "entityId": "19483",
        "regionId": "30",
        "coOp": "STAMFORD FIELD OFFICE",
        "coOpId": "246",
        "CoOpName": "NEW YORK METRO",
        "driveThru": true,
        "outDoorPlayGround": true,
        "indoorPlayGround": true,
        "breakfast": false,
        "nightMenu": true,
        "timeZone": "(GMT-05:00) Eastern Time (US & Canada)"
      }
    },
    {
      "type": "Feature",
      "geometry": {
        "type": "Point",
        "coordinates": [
          -73.844551,
          40.849461
        ]
      },
      "properties": {
        "shortDescription": "EASTCHESTER RD.",
        "longDescription": "EASTCHESTER RD.  BRONX, NY",
        "id": "195500506814:en-US",
        "hasIndoorDining": true,
        "isTwentyFourHours": true,
        "addressLine1": "1826 Eastchester Rd",
        "addressLine3": "Bronx",
        "addressLine4": "United States",
        "subDivision": "NY",
        "postcode": "10461",
        "customAddress": "Bronx, NY 10461",
        "telephone": "(718) 239-8660",
        "restaurantHoursMonday": "06:00 - 00:00",
        "restaurantHoursTuesday": "00:00 - 00:00",
        "restaurantHoursWednesday": "00:00 - 00:00",
        "restaurantHoursThursday": "00:00 - 00:00",
        "restaurantHoursFriday": "00:00 - 00:00",
        "restaurantHoursSaturday": "00:00 - 00:00",
        "restaurantHoursSunday": "06:00 - 00:00",
        "nationalStoreNumber": "32513",
        "entityId": "179466",
        "regionId": "30",
        "coOp": "STAMFORD FIELD OFFICE",
        "coOpId": "246",
        "CoOpName": "NEW YORK METRO",
        "driveThru": true,
        "outDoorPlayGround": true,
        "indoorPlayGround": true,
        "breakfast": false,
        "nightMenu": true,
        "timeZone": "(GMT-05:00) Eastern Time (US & Canada)"
      }
    },
    {
      "type": "Feature",
      "geometry": {
        "type": "Point",
        "coordinates": [
          -74.042412,
          40.792986
        ]
      },
      "properties": {
        "shortDescription": "SECAUCUS NJ WM",
        "longDescription": "SECAUCUS, NJ WM#3520",
        "id": "195500349398:en-US",
        "hasIndoorDining": false,
        "isTwentyFourHours": false,
        "addressLine1": "400 Park Place (Walmart #3520)",
        "addressLine3": "Secaucus",
        "addressLine4": "United States",
        "subDivision": "NJ",
        "postcode": "07094",
        "customAddress": "Secaucus, NJ 07094",
        "telephone": "(551) 312-8104",
        "restaurantHoursMonday": "07:00 - 23:00",
        "restaurantHoursTuesday": "07:00 - 23:00",
        "restaurantHoursWednesday": "07:00 - 23:00",
        "restaurantHoursThursday": "07:00 - 23:00",
        "restaurantHoursFriday": "07:00 - 23:00",
        "restaurantHoursSaturday": "07:00 - 23:00",
        "restaurantHoursSunday": "07:00 - 23:00",
        "nationalStoreNumber": "30736",
        "entityId": "170870",
        "regionId": "30",
        "coOp": "STAMFORD FIELD OFFICE",
        "coOpId": "246",
        "CoOpName": "NEW YORK METRO",
        "driveThru": true,
        "outDoorPlayGround": true,
        "indoorPlayGround": true,
        "breakfast": false,
        "nightMenu": true,
        "timeZone": "(GMT-05:00) Eastern Time (US & Canada)"
      }
    },
    {
      "type": "Feature",
      "geometry": {
        "type": "Point",
        "coordinates": [
          -74.031746,
          40.77544
        ]
      },
      "properties": {
        "shortDescription": "UNION CTY/KENNED",
        "longDescription": "UNION CTY/KENNED",
        "id": "195500276830:en-US",
        "hasIndoorDining": true,
        "isTwentyFourHours": true,
        "addressLine1": "3215 Kennedy Blvd",
        "addressLine3": "Union City",
        "addressLine4": "United States",
        "subDivision": "NJ",
        "postcode": "07087",
        "customAddress": "Union City, NJ 07087",
        "telephone": "(201) 866-6777",
        "restaurantHoursMonday": "00:00 - 00:00",
        "restaurantHoursTuesday": "00:00 - 00:00",
        "restaurantHoursWednesday": "00:00 - 00:00",
        "restaurantHoursThursday": "00:00 - 00:00",
        "restaurantHoursFriday": "00:00 - 00:00",
        "restaurantHoursSaturday": "00:00 - 00:00",
        "restaurantHoursSunday": "00:00 - 00:00",
        "nationalStoreNumber": "11227",
        "entityId": "18437",
        "regionId": "30",
        "coOp": "STAMFORD FIELD OFFICE",
        "coOpId": "246",
        "CoOpName": "NEW YORK METRO",
        "driveThru": true,
        "outDoorPlayGround": true,
        "indoorPlayGround": true,
        "breakfast": false,
        "nightMenu": true,
        "timeZone": "(GMT-05:00) Eastern Time (US & Canada)"
      }
    },
    {
      "type": "Feature",
      "geometry": {
        "type": "Point",
        "coordinates": [
          -73.871674,
          40.879181
        ]
      },
      "properties": {
        "shortDescription": "E GUNHILL\\WEBSTE",
        "longDescription": "E GUNHILL\\WEBSTE",
        "id": "195500286518:en-US",
        "hasIndoorDining": true,
        "isTwentyFourHours": false,
        "addressLine1": "3509 Webster Avenue",
        "addressLine3": "Bronx",
        "addressLine4": "United States",
        "subDivision": "NY",
        "postcode": "10467",
        "customAddress": "Bronx, NY 10467",
        "telephone": "(718) 231-9210",
        "restaurantHoursMonday": "06:00 - 00:00",
        "restaurantHoursTuesday": "06:00 - 00:00",
        "restaurantHoursWednesday": "06:00 - 00:00",
        "restaurantHoursThursday": "06:00 - 00:00",
        "restaurantHoursFriday": "06:00 - 00:00",
        "restaurantHoursSaturday": "06:00 - 00:00",
        "restaurantHoursSunday": "06:00 - 00:00",
        "nationalStoreNumber": "19858",
        "entityId": "20926",
        "regionId": "30",
        "coOp": "STAMFORD FIELD OFFICE",
        "coOpId": "246",
        "CoOpName": "NEW YORK METRO",
        "driveThru": true,
        "outDoorPlayGround": true,
        "indoorPlayGround": true,
        "breakfast": false,
        "nightMenu": true,
        "timeZone": "(GMT-05:00) Eastern Time (US & Canada)"
      }
    },
    {
      "type": "Feature",
      "geometry": {
        "type": "Point",
        "coordinates": [
          -73.990845,
          40.745995
        ]
      },
      "properties": {
        "shortDescription": "NYC-809 6TH AVE",
        "longDescription": "NYC-809 6TH AVE",
        "id": "195500283081:en-US",
        "hasIndoorDining": true,
        "isTwentyFourHours": true,
        "addressLine1": "809 Ave Of The Americas",
        "addressLine3": "Manhattan",
        "addressLine4": "United States",
        "subDivision": "NY",
        "postcode": "10001",
        "customAddress": "Manhattan, NY 10001",
        "telephone": "(212) 463-9495",
        "restaurantHoursMonday": "06:00 - 23:00",
        "restaurantHoursTuesday": "06:00 - 23:00",
        "restaurantHoursWednesday": "06:00 - 23:00",
        "restaurantHoursThursday": "00:00 - 00:00",
        "restaurantHoursFriday": "00:00 - 00:00",
        "restaurantHoursSaturday": "00:00 - 00:00",
        "restaurantHoursSunday": "06:00 - 23:00",
        "nationalStoreNumber": "3835",
        "entityId": "19646",
        "regionId": "30",
        "coOp": "STAMFORD FIELD OFFICE",
        "coOpId": "246",
        "CoOpName": "NEW YORK METRO",
        "driveThru": true,
        "outDoorPlayGround": true,
        "indoorPlayGround": true,
        "breakfast": false,
        "nightMenu": true,
        "timeZone": "(GMT-05:00) Eastern Time (US & Canada)"
      }
    },
    {
      "type": "Feature",
      "geometry": {
        "type": "Point",
        "coordinates": [
          -73.98393,
          40.743156
        ]
      },
      "properties": {
        "shortDescription": "PARK AVE-SO.",
        "longDescription": "PARK AVE-SO.",
        "id": "195500285740:en-US",
        "hasIndoorDining": true,
        "isTwentyFourHours": true,
        "addressLine1": "401 Park Ave S",
        "addressLine3": "New York",
        "addressLine4": "United States",
        "subDivision": "NY",
        "postcode": "10016",
        "customAddress": "New York, NY 10016",
        "telephone": "(212) 683-4919",
        "restaurantHoursMonday": "00:00 - 00:00",
        "restaurantHoursTuesday": "00:00 - 00:00",
        "restaurantHoursWednesday": "00:00 - 00:00",
        "restaurantHoursThursday": "00:00 - 00:00",
        "restaurantHoursFriday": "00:00 - 00:00",
        "restaurantHoursSaturday": "00:00 - 00:00",
        "restaurantHoursSunday": "00:00 - 00:00",
        "nationalStoreNumber": "14971",
        "entityId": "20720",
        "regionId": "30",
        "coOp": "STAMFORD FIELD OFFICE",
        "coOpId": "246",
        "CoOpName": "NEW YORK METRO",
        "driveThru": true,
        "outDoorPlayGround": true,
        "indoorPlayGround": true,
        "breakfast": false,
        "nightMenu": true,
        "timeZone": "(GMT-05:00) Eastern Time (US & Canada)"
      }
    },
    {
      "type": "Feature",
      "geometry": {
        "type": "Point",
        "coordinates": [
          -73.976669,
          40.895351
        ]
      },
      "properties": {
        "shortDescription": "ENGLEWOOD-PALIS",
        "longDescription": "ENGLEWOOD-PALIS",
        "id": "195500273600:en-US",
        "hasIndoorDining": true,
        "isTwentyFourHours": false,
        "addressLine1": "41/43 W Palisade Ave",
        "addressLine3": "Englewood",
        "addressLine4": "United States",
        "subDivision": "NJ",
        "postcode": "07631",
        "customAddress": "Englewood, NJ 07631",
        "telephone": "(201) 894-0048",
        "restaurantHoursMonday": "05:00 - 00:00",
        "restaurantHoursTuesday": "05:00 - 00:00",
        "restaurantHoursWednesday": "05:00 - 00:00",
        "restaurantHoursThursday": "05:00 - 00:00",
        "restaurantHoursFriday": "05:00 - 00:00",
        "restaurantHoursSaturday": "05:00 - 00:00",
        "restaurantHoursSunday": "05:00 - 00:00",
        "nationalStoreNumber": "3630",
        "entityId": "18193",
        "regionId": "30",
        "coOp": "STAMFORD FIELD OFFICE",
        "coOpId": "246",
        "CoOpName": "NEW YORK METRO",
        "driveThru": true,
        "outDoorPlayGround": true,
        "indoorPlayGround": true,
        "breakfast": false,
        "nightMenu": true,
        "timeZone": "(GMT-05:00) Eastern Time (US & Canada)"
      }
    },
    {
      "type": "Feature",
      "geometry": {
        "type": "Point",
        "coordinates": [
          -73.883865,
          40.748062
        ]
      },
      "properties": {
        "shortDescription": "JACKSON HE",
        "longDescription": "JACKSON HEIGHTS",
        "id": "195500285535:en-US",
        "hasIndoorDining": true,
        "isTwentyFourHours": false,
        "addressLine1": "37-59 82nd St",
        "addressLine3": "Jackson Heights",
        "addressLine4": "United States",
        "subDivision": "NY",
        "postcode": "11372",
        "customAddress": "Jackson Heights, NY 11372",
        "telephone": "(718) 476-0747",
        "restaurantHoursMonday": "06:00 - 23:00",
        "restaurantHoursTuesday": "06:00 - 23:00",
        "restaurantHoursWednesday": "06:00 - 23:00",
        "restaurantHoursThursday": "06:00 - 23:00",
        "restaurantHoursFriday": "06:00 - 00:00",
        "restaurantHoursSaturday": "06:00 - 00:00",
        "restaurantHoursSunday": "06:00 - 23:00",
        "nationalStoreNumber": "12449",
        "entityId": "20639",
        "regionId": "30",
        "coOp": "STAMFORD FIELD OFFICE",
        "coOpId": "246",
        "CoOpName": "NEW YORK METRO",
        "driveThru": true,
        "outDoorPlayGround": true,
        "indoorPlayGround": true,
        "breakfast": false,
        "nightMenu": true,
        "timeZone": "(GMT-05:00) Eastern Time (US & Canada)"
      }
    },
    {
      "type": "Feature",
      "geometry": {
        "type": "Point",
        "coordinates": [
          -73.987856,
          40.740654
        ]
      },
      "properties": {
        "shortDescription": "23 EAST 23RD ST.",
        "longDescription": "26 EAST 23RD ST.",
        "id": "195500566542:en-US",
        "hasIndoorDining": true,
        "isTwentyFourHours": false,
        "addressLine1": "26 E 23rd St",
        "addressLine3": "New York",
        "addressLine4": "United States",
        "subDivision": "NY",
        "postcode": "10010",
        "customAddress": "New York, NY 10010",
        "telephone": "(646) 682-9277",
        "restaurantHoursMonday": "07:00 - 23:00",
        "restaurantHoursTuesday": "07:00 - 23:00",
        "restaurantHoursWednesday": "07:00 - 23:00",
        "restaurantHoursThursday": "07:00 - 23:00",
        "restaurantHoursFriday": "07:00 - 00:00",
        "restaurantHoursSaturday": "07:00 - 00:00",
        "restaurantHoursSunday": "07:00 - 23:00",
        "nationalStoreNumber": "33536",
        "entityId": "184162",
        "regionId": "30",
        "coOp": "STAMFORD FIELD OFFICE",
        "coOpId": "246",
        "CoOpName": "NEW YORK METRO",
        "driveThru": true,
        "outDoorPlayGround": true,
        "indoorPlayGround": true,
        "breakfast": false,
        "nightMenu": true,
        "timeZone": "(GMT-05:00) Eastern Time (US & Canada)"
      }
    },
    {
      "type": "Feature",
      "geometry": {
        "type": "Point",
        "coordinates": [
          -73.993286,
          40.741928
        ]
      },
      "properties": {
        "shortDescription": "686 6TH AVE",
        "longDescription": "686 6TH AVE",
        "id": "195500285894:en-US",
        "hasIndoorDining": true,
        "isTwentyFourHours": false,
        "addressLine1": "686 6th Ave",
        "addressLine3": "New York",
        "addressLine4": "United States",
        "subDivision": "NY",
        "postcode": "10010",
        "customAddress": "New York, NY 10010",
        "telephone": "(212) 604-0621",
        "restaurantHoursMonday": "06:00 - 00:00",
        "restaurantHoursTuesday": "06:00 - 00:00",
        "restaurantHoursWednesday": "06:00 - 00:00",
        "restaurantHoursThursday": "06:00 - 00:00",
        "restaurantHoursFriday": "06:00 - 00:00",
        "restaurantHoursSaturday": "00:00 - 00:00",
        "restaurantHoursSunday": "06:00 - 00:00",
        "nationalStoreNumber": "17480",
        "entityId": "20757",
        "regionId": "30",
        "coOp": "STAMFORD FIELD OFFICE",
        "coOpId": "246",
        "CoOpName": "NEW YORK METRO",
        "driveThru": true,
        "outDoorPlayGround": true,
        "indoorPlayGround": true,
        "breakfast": false,
        "nightMenu": true,
        "timeZone": "(GMT-05:00) Eastern Time (US & Canada)"
      }
    },
    {
      "type": "Feature",
      "geometry": {
        "type": "Point",
        "coordinates": [
          -73.870372,
          40.751065
        ]
      },
      "properties": {
        "shortDescription": "QUEENS-JUNCTION",
        "longDescription": "QUEENS-JUNCTION",
        "id": "195500282336:en-US",
        "hasIndoorDining": true,
        "isTwentyFourHours": false,
        "addressLine1": "37-19 Junction Blvd",
        "addressLine3": "Corona",
        "addressLine4": "United States",
        "subDivision": "NY",
        "postcode": "11368",
        "customAddress": "Corona, NY 11368",
        "telephone": "(718) 458-6259",
        "restaurantHoursMonday": "06:00 - 23:00",
        "restaurantHoursTuesday": "06:00 - 23:00",
        "restaurantHoursWednesday": "06:00 - 23:00",
        "restaurantHoursThursday": "06:00 - 23:00",
        "restaurantHoursFriday": "06:00 - 00:00",
        "restaurantHoursSaturday": "06:00 - 00:00",
        "restaurantHoursSunday": "06:00 - 23:00",
        "nationalStoreNumber": "2758",
        "entityId": "19471",
        "regionId": "30",
        "coOp": "STAMFORD FIELD OFFICE",
        "coOpId": "246",
        "CoOpName": "NEW YORK METRO",
        "driveThru": true,
        "outDoorPlayGround": true,
        "indoorPlayGround": true,
        "breakfast": false,
        "nightMenu": true,
        "timeZone": "(GMT-05:00) Eastern Time (US & Canada)"
      }
    },
    {
      "type": "Feature",
      "geometry": {
        "type": "Point",
        "coordinates": [
          -73.979165,
          40.736945
        ]
      },
      "properties": {
        "shortDescription": "MANHATTAN-23RD",
        "longDescription": "MANHATTAN-23RD",
        "id": "195500281742:en-US",
        "hasIndoorDining": true,
        "isTwentyFourHours": false,
        "addressLine1": "336 E 23rd St",
        "addressLine3": "New York",
        "addressLine4": "United States",
        "subDivision": "NY",
        "postcode": "10010",
        "customAddress": "New York, NY 10010",
        "telephone": "(212) 228-5529",
        "restaurantHoursMonday": "06:00 - 00:00",
        "restaurantHoursTuesday": "06:00 - 00:00",
        "restaurantHoursWednesday": "06:00 - 00:00",
        "restaurantHoursThursday": "00:00 - 00:00",
        "restaurantHoursFriday": "00:00 - 00:00",
        "restaurantHoursSaturday": "00:00 - 00:00",
        "restaurantHoursSunday": "06:00 - 00:00",
        "nationalStoreNumber": "2241",
        "entityId": "19355",
        "regionId": "30",
        "coOp": "STAMFORD FIELD OFFICE",
        "coOpId": "246",
        "CoOpName": "NEW YORK METRO",
        "driveThru": true,
        "outDoorPlayGround": true,
        "indoorPlayGround": true,
        "breakfast": false,
        "nightMenu": true,
        "timeZone": "(GMT-05:00) Eastern Time (US & Canada)"
      }
    },
    {
      "type": "Feature",
      "geometry": {
        "type": "Point",
        "coordinates": [
          -74.044548,
          40.854877
        ]
      },
      "properties": {
        "shortDescription": "LITTLE FERRY",
        "longDescription": "LITTLE FERRY",
        "id": "195500330938:en-US",
        "hasIndoorDining": true,
        "isTwentyFourHours": true,
        "addressLine1": "319 Route 46 East",
        "addressLine3": "Little Ferry",
        "addressLine4": "United States",
        "subDivision": "NJ",
        "postcode": "07643",
        "customAddress": "Little Ferry, NJ 07643",
        "telephone": "(201) 641-9632",
        "restaurantHoursMonday": "06:00 - 00:30",
        "restaurantHoursTuesday": "06:00 - 00:30",
        "restaurantHoursWednesday": "06:00 - 00:30",
        "restaurantHoursThursday": "06:00 - 00:30",
        "restaurantHoursFriday": "06:00 - 00:30",
        "restaurantHoursSaturday": "06:00 - 00:30",
        "restaurantHoursSunday": "06:00 - 00:30",
        "nationalStoreNumber": "23670",
        "entityId": "100131",
        "regionId": "30",
        "coOp": "STAMFORD FIELD OFFICE",
        "coOpId": "246",
        "CoOpName": "NEW YORK METRO",
        "driveThru": true,
        "outDoorPlayGround": true,
        "indoorPlayGround": true,
        "breakfast": false,
        "nightMenu": true,
        "timeZone": "(GMT-05:00) Eastern Time (US & Canada)"
      }
    },
    {
      "type": "Feature",
      "geometry": {
        "type": "Point",
        "coordinates": [
          -73.852303,
          40.872612
        ]
      },
      "properties": {
        "shortDescription": "BRONX-GUN HILL",
        "longDescription": "GUN HILL BRONX",
        "id": "195500281056:en-US",
        "hasIndoorDining": true,
        "isTwentyFourHours": false,
        "addressLine1": "1212 E Gun Hill Rd",
        "addressLine3": "Bronx",
        "addressLine4": "United States",
        "subDivision": "NY",
        "postcode": "10469",
        "customAddress": "Bronx, NY 10469",
        "telephone": "(718) 798-6196",
        "restaurantHoursMonday": "06:00 - 00:00",
        "restaurantHoursTuesday": "06:00 - 00:00",
        "restaurantHoursWednesday": "06:00 - 00:00",
        "restaurantHoursThursday": "06:00 - 00:00",
        "restaurantHoursFriday": "06:00 - 00:00",
        "restaurantHoursSaturday": "06:00 - 00:00",
        "restaurantHoursSunday": "06:00 - 00:00",
        "nationalStoreNumber": "1059",
        "entityId": "19197",
        "regionId": "30",
        "coOp": "STAMFORD FIELD OFFICE",
        "coOpId": "246",
        "CoOpName": "NEW YORK METRO",
        "driveThru": true,
        "outDoorPlayGround": true,
        "indoorPlayGround": true,
        "breakfast": false,
        "nightMenu": true,
        "timeZone": "(GMT-05:00) Eastern Time (US & Canada)"
      }
    },
    {
      "type": "Feature",
      "geometry": {
        "type": "Point",
        "coordinates": [
          -73.954109,
          40.730389
        ]
      },
      "properties": {
        "shortDescription": "GRNPOINT-MANHTN",
        "longDescription": "GRNPOINT-MANHTN",
        "id": "195500282268:en-US",
        "hasIndoorDining": true,
        "isTwentyFourHours": true,
        "addressLine1": "904 Manhattan Ave",
        "addressLine3": "Brooklyn",
        "addressLine4": "United States",
        "subDivision": "NY",
        "postcode": "11222",
        "customAddress": "Brooklyn, NY 11222",
        "telephone": "(347) 315-0002",
        "restaurantHoursMonday": "00:00 - 00:00",
        "restaurantHoursTuesday": "00:00 - 00:00",
        "restaurantHoursWednesday": "00:00 - 00:00",
        "restaurantHoursThursday": "00:00 - 00:00",
        "restaurantHoursFriday": "00:00 - 00:00",
        "restaurantHoursSaturday": "00:00 - 00:00",
        "restaurantHoursSunday": "00:00 - 00:00",
        "nationalStoreNumber": "2678",
        "entityId": "19462",
        "regionId": "30",
        "coOp": "STAMFORD FIELD OFFICE",
        "coOpId": "246",
        "CoOpName": "NEW YORK METRO",
        "driveThru": true,
        "outDoorPlayGround": true,
        "indoorPlayGround": true,
        "breakfast": false,
        "nightMenu": true,
        "timeZone": "(GMT-05:00) Eastern Time (US & Canada)"
      }
    },
    {
      "type": "Feature",
      "geometry": {
        "type": "Point",
        "coordinates": [
          -73.990517,
          40.736977
        ]
      },
      "properties": {
        "shortDescription": "UNION SQUARE2702",
        "longDescription": "MANHATTAN-UNION",
        "id": "195500282190:en-US",
        "hasIndoorDining": true,
        "isTwentyFourHours": false,
        "addressLine1": "39 Union Square W",
        "addressLine3": "New York",
        "addressLine4": "United States",
        "subDivision": "NY",
        "postcode": "10003",
        "customAddress": "New York, NY 10003",
        "telephone": "(212) 645-9079",
        "restaurantHoursMonday": "06:00 - 00:00",
        "restaurantHoursTuesday": "06:00 - 00:00",
        "restaurantHoursWednesday": "06:00 - 00:00",
        "restaurantHoursThursday": "06:00 - 00:00",
        "restaurantHoursFriday": "06:00 - 00:00",
        "restaurantHoursSaturday": "06:00 - 00:00",
        "restaurantHoursSunday": "06:00 - 00:00",
        "nationalStoreNumber": "2702",
        "entityId": "19448",
        "regionId": "30",
        "coOp": "STAMFORD FIELD OFFICE",
        "coOpId": "246",
        "CoOpName": "NEW YORK METRO",
        "driveThru": true,
        "outDoorPlayGround": true,
        "indoorPlayGround": true,
        "breakfast": false,
        "nightMenu": true,
        "timeZone": "(GMT-05:00) Eastern Time (US & Canada)"
      }
    },
    {
      "type": "Feature",
      "geometry": {
        "type": "Point",
        "coordinates": [
          -73.823677,
          40.827599
        ]
      },
      "properties": {
        "shortDescription": "BRONX-TREMONT",
        "longDescription": "BRONX-TREMONT",
        "id": "195500282701:en-US",
        "hasIndoorDining": true,
        "isTwentyFourHours": true,
        "addressLine1": "3660 E Tremont Ave",
        "addressLine3": "Bronx",
        "addressLine4": "United States",
        "subDivision": "NY",
        "postcode": "10465",
        "customAddress": "Bronx, NY 10465",
        "telephone": "(718) 822-1040",
        "restaurantHoursMonday": "05:30 - 00:00",
        "restaurantHoursTuesday": "05:30 - 00:00",
        "restaurantHoursWednesday": "05:30 - 00:00",
        "restaurantHoursThursday": "05:30 - 00:00",
        "restaurantHoursFriday": "04:00 - 01:00",
        "restaurantHoursSaturday": "04:00 - 01:00",
        "restaurantHoursSunday": "05:30 - 00:00",
        "nationalStoreNumber": "3080",
        "entityId": "19544",
        "regionId": "30",
        "coOp": "STAMFORD FIELD OFFICE",
        "coOpId": "246",
        "CoOpName": "NEW YORK METRO",
        "driveThru": true,
        "outDoorPlayGround": true,
        "indoorPlayGround": true,
        "breakfast": false,
        "nightMenu": true,
        "timeZone": "(GMT-05:00) Eastern Time (US & Canada)"
      }
    },
    {
      "type": "Feature",
      "geometry": {
        "type": "Point",
        "coordinates": [
          -73.996726,
          40.737864
        ]
      },
      "properties": {
        "shortDescription": "NYC-AVE OF AMRCS",
        "longDescription": "NYC-AVE OF AMRCS",
        "id": "195500282480:en-US",
        "hasIndoorDining": true,
        "isTwentyFourHours": false,
        "addressLine1": "541 6th Ave",
        "addressLine3": "New York",
        "addressLine4": "United States",
        "subDivision": "NY",
        "postcode": "10011",
        "customAddress": "New York, NY 10011",
        "telephone": "(212) 463-8869",
        "restaurantHoursMonday": "07:00 - 00:00",
        "restaurantHoursTuesday": "07:00 - 00:00",
        "restaurantHoursWednesday": "07:00 - 00:00",
        "restaurantHoursThursday": "07:00 - 00:00",
        "restaurantHoursFriday": "00:00 - 00:00",
        "restaurantHoursSaturday": "00:00 - 00:00",
        "restaurantHoursSunday": "07:00 - 00:00",
        "nationalStoreNumber": "2968",
        "entityId": "19501",
        "regionId": "30",
        "coOp": "STAMFORD FIELD OFFICE",
        "coOpId": "246",
        "CoOpName": "NEW YORK METRO",
        "driveThru": true,
        "outDoorPlayGround": true,
        "indoorPlayGround": true,
        "breakfast": false,
        "nightMenu": true,
        "timeZone": "(GMT-05:00) Eastern Time (US & Canada)"
      }
    },
    {
      "type": "Feature",
      "geometry": {
        "type": "Point",
        "coordinates": [
          -73.863008,
          40.749525
        ]
      },
      "properties": {
        "shortDescription": "NATIONAL ST/CORO",
        "longDescription": "NATIONAL ST/CORONA",
        "id": "195500286211:en-US",
        "hasIndoorDining": true,
        "isTwentyFourHours": false,
        "addressLine1": "40-12 National St",
        "addressLine3": "Corona",
        "addressLine4": "United States",
        "subDivision": "NY",
        "postcode": "11368",
        "customAddress": "Corona, NY 11368",
        "telephone": "(718) 424-5106",
        "restaurantHoursMonday": "06:00 - 23:00",
        "restaurantHoursTuesday": "06:00 - 23:00",
        "restaurantHoursWednesday": "06:00 - 23:00",
        "restaurantHoursThursday": "06:00 - 23:00",
        "restaurantHoursFriday": "06:00 - 00:00",
        "restaurantHoursSaturday": "06:00 - 00:00",
        "restaurantHoursSunday": "06:00 - 23:00",
        "nationalStoreNumber": "17754",
        "entityId": "20842",
        "regionId": "30",
        "coOp": "STAMFORD FIELD OFFICE",
        "coOpId": "246",
        "CoOpName": "NEW YORK METRO",
        "driveThru": true,
        "outDoorPlayGround": true,
        "indoorPlayGround": true,
        "breakfast": false,
        "nightMenu": true,
        "timeZone": "(GMT-05:00) Eastern Time (US & Canada)"
      }
    },
    {
      "type": "Feature",
      "geometry": {
        "type": "Point",
        "coordinates": [
          -73.883179,
          40.738327
        ]
      },
      "properties": {
        "shortDescription": "ELMHURST-QUEENS",
        "longDescription": "ELMHURST-QUEENS",
        "id": "195500281773:en-US",
        "hasIndoorDining": false,
        "isTwentyFourHours": false,
        "addressLine1": "80-03 Queens Blvd",
        "addressLine3": "Elmhurst",
        "addressLine4": "United States",
        "subDivision": "NY",
        "postcode": "11373",
        "customAddress": "Elmhurst, NY 11373",
        "telephone": "(718) 478-1204",
        "restaurantHoursMonday": "05:00 - 00:00",
        "restaurantHoursTuesday": "05:00 - 00:00",
        "restaurantHoursWednesday": "05:00 - 00:00",
        "restaurantHoursThursday": "05:00 - 00:00",
        "restaurantHoursFriday": "05:00 - 00:00",
        "restaurantHoursSaturday": "05:00 - 00:00",
        "restaurantHoursSunday": "05:00 - 00:00",
        "nationalStoreNumber": "2293",
        "entityId": "19359",
        "regionId": "30",
        "coOp": "STAMFORD FIELD OFFICE",
        "coOpId": "246",
        "CoOpName": "NEW YORK METRO",
        "driveThru": true,
        "outDoorPlayGround": true,
        "indoorPlayGround": true,
        "breakfast": false,
        "nightMenu": true,
        "timeZone": "(GMT-05:00) Eastern Time (US & Canada)"
      }
    },
    {
      "type": "Feature",
      "geometry": {
        "type": "Point",
        "coordinates": [
          -73.829987,
          40.782024
        ]
      },
      "properties": {
        "shortDescription": "20TH WHITE",
        "longDescription": "WHITESTONE, NY",
        "id": "195500328638:en-US",
        "hasIndoorDining": true,
        "isTwentyFourHours": true,
        "addressLine1": "138-11 20th Ave",
        "addressLine3": "College Point",
        "addressLine4": "United States",
        "subDivision": "NY",
        "postcode": "11356",
        "customAddress": "College Point, NY 11356",
        "telephone": "(718) 358-1177",
        "restaurantHoursMonday": "06:00 - 00:00",
        "restaurantHoursTuesday": "06:00 - 00:00",
        "restaurantHoursWednesday": "06:00 - 00:00",
        "restaurantHoursThursday": "06:00 - 00:00",
        "restaurantHoursFriday": "06:00 - 00:00",
        "restaurantHoursSaturday": "06:00 - 00:00",
        "restaurantHoursSunday": "06:00 - 00:00",
        "nationalStoreNumber": "23107",
        "entityId": "44382",
        "regionId": "30",
        "coOp": "STAMFORD FIELD OFFICE",
        "coOpId": "246",
        "CoOpName": "NEW YORK METRO",
        "driveThru": true,
        "outDoorPlayGround": true,
        "indoorPlayGround": true,
        "breakfast": false,
        "nightMenu": true,
        "timeZone": "(GMT-05:00) Eastern Time (US & Canada)"
      }
    },
    {
      "type": "Feature",
      "geometry": {
        "type": "Point",
        "coordinates": [
          -73.982277,
          40.731014
        ]
      },
      "properties": {
        "shortDescription": "14TH & 1ST",
        "longDescription": "14TH & 1ST",
        "id": "195500285368:en-US",
        "hasIndoorDining": false,
        "isTwentyFourHours": true,
        "addressLine1": "404 E 14th St",
        "addressLine3": "New York",
        "addressLine4": "United States",
        "subDivision": "NY",
        "postcode": "10009",
        "customAddress": "New York, NY 10009",
        "telephone": "(212) 598-0045",
        "restaurantHoursMonday": "00:00 - 00:00",
        "restaurantHoursTuesday": "00:00 - 00:00",
        "restaurantHoursWednesday": "00:00 - 00:00",
        "restaurantHoursThursday": "00:00 - 00:00",
        "restaurantHoursFriday": "00:00 - 00:00",
        "restaurantHoursSaturday": "00:00 - 00:00",
        "restaurantHoursSunday": "00:00 - 00:00",
        "nationalStoreNumber": "13064",
        "entityId": "20571",
        "regionId": "30",
        "coOp": "STAMFORD FIELD OFFICE",
        "coOpId": "246",
        "CoOpName": "NEW YORK METRO",
        "driveThru": true,
        "outDoorPlayGround": true,
        "indoorPlayGround": true,
        "breakfast": false,
        "nightMenu": true,
        "timeZone": "(GMT-05:00) Eastern Time (US & Canada)"
      }
    },
    {
      "type": "Feature",
      "geometry": {
        "type": "Point",
        "coordinates": [
          -73.834373,
          40.770061
        ]
      },
      "properties": {
        "shortDescription": "QUEENS-STRATTON",
        "longDescription": "QUEENS-STRATTON",
        "id": "195500282527:en-US",
        "hasIndoorDining": true,
        "isTwentyFourHours": true,
        "addressLine1": "3001 Stratton St",
        "addressLine3": "Flushing",
        "addressLine4": "United States",
        "subDivision": "NY",
        "postcode": "11354",
        "customAddress": "Flushing, NY 11354",
        "telephone": "(718) 539-4570",
        "restaurantHoursMonday": "05:00 - 00:00",
        "restaurantHoursTuesday": "05:00 - 00:00",
        "restaurantHoursWednesday": "05:00 - 00:00",
        "restaurantHoursThursday": "05:00 - 00:00",
        "restaurantHoursFriday": "05:00 - 00:00",
        "restaurantHoursSaturday": "05:00 - 00:00",
        "restaurantHoursSunday": "05:00 - 00:00",
        "nationalStoreNumber": "3063",
        "entityId": "19509",
        "regionId": "30",
        "coOp": "STAMFORD FIELD OFFICE",
        "coOpId": "246",
        "CoOpName": "NEW YORK METRO",
        "driveThru": true,
        "outDoorPlayGround": true,
        "indoorPlayGround": true,
        "breakfast": false,
        "nightMenu": true,
        "timeZone": "(GMT-05:00) Eastern Time (US & Canada)"
      }
    },
    {
      "type": "Feature",
      "geometry": {
        "type": "Point",
        "coordinates": [
          -73.9067,
          40.726299
        ]
      },
      "properties": {
        "shortDescription": "BORDEN/MASPETH",
        "longDescription": "BORDEN/MASPETH",
        "id": "195500285870:en-US",
        "hasIndoorDining": true,
        "isTwentyFourHours": true,
        "addressLine1": "59-60 55th Road",
        "addressLine3": "Maspeth",
        "addressLine4": "United States",
        "subDivision": "NY",
        "postcode": "11378",
        "customAddress": "Maspeth, NY 11378",
        "telephone": "(718) 326-5500",
        "restaurantHoursMonday": "05:00 - 23:00",
        "restaurantHoursTuesday": "05:00 - 23:00",
        "restaurantHoursWednesday": "05:00 - 23:00",
        "restaurantHoursThursday": "05:00 - 23:00",
        "restaurantHoursFriday": "05:00 - 23:00",
        "restaurantHoursSaturday": "05:00 - 23:00",
        "restaurantHoursSunday": "05:00 - 23:00",
        "nationalStoreNumber": "15315",
        "entityId": "20752",
        "regionId": "30",
        "coOp": "STAMFORD FIELD OFFICE",
        "coOpId": "246",
        "CoOpName": "NEW YORK METRO",
        "driveThru": true,
        "outDoorPlayGround": true,
        "indoorPlayGround": true,
        "breakfast": false,
        "nightMenu": true,
        "timeZone": "(GMT-05:00) Eastern Time (US & Canada)"
      }
    },
    {
      "type": "Feature",
      "geometry": {
        "type": "Point",
        "coordinates": [
          -73.940483,
          40.72208
        ]
      },
      "properties": {
        "shortDescription": "MEEKER,BKLYNLYN",
        "longDescription": "652 MEEKER @ KINGSLAND",
        "id": "195500329703:en-US",
        "hasIndoorDining": true,
        "isTwentyFourHours": true,
        "addressLine1": "652 Meeker Ave",
        "addressLine3": "Brooklyn",
        "addressLine4": "United States",
        "subDivision": "NY",
        "postcode": "11222",
        "customAddress": "Brooklyn, NY 11222",
        "telephone": "(718) 486-6195",
        "restaurantHoursMonday": "06:00 - 00:00",
        "restaurantHoursTuesday": "06:00 - 00:00",
        "restaurantHoursWednesday": "06:00 - 00:00",
        "restaurantHoursThursday": "06:00 - 00:00",
        "restaurantHoursFriday": "06:00 - 00:00",
        "restaurantHoursSaturday": "06:00 - 00:00",
        "restaurantHoursSunday": "06:00 - 00:00",
        "nationalStoreNumber": "23533",
        "entityId": "45072",
        "regionId": "30",
        "coOp": "STAMFORD FIELD OFFICE",
        "coOpId": "246",
        "CoOpName": "NEW YORK METRO",
        "driveThru": true,
        "outDoorPlayGround": true,
        "indoorPlayGround": true,
        "breakfast": false,
        "nightMenu": true,
        "timeZone": "(GMT-05:00) Eastern Time (US & Canada)"
      }
    },
    {
      "type": "Feature",
      "geometry": {
        "type": "Point",
        "coordinates": [
          -73.993408,
          40.729197
        ]
      },
      "properties": {
        "shortDescription": "724 BROADWAY",
        "longDescription": "724 BROADWAY",
        "id": "195500284552:en-US",
        "hasIndoorDining": true,
        "isTwentyFourHours": true,
        "addressLine1": "724 Broadway",
        "addressLine3": "New York",
        "addressLine4": "United States",
        "subDivision": "NY",
        "postcode": "10003",
        "customAddress": "New York, NY 10003",
        "telephone": "(212) 529-9660",
        "restaurantHoursMonday": "00:00 - 00:00",
        "restaurantHoursTuesday": "00:00 - 00:00",
        "restaurantHoursWednesday": "00:00 - 00:00",
        "restaurantHoursThursday": "00:00 - 00:00",
        "restaurantHoursFriday": "00:00 - 00:00",
        "restaurantHoursSaturday": "00:00 - 00:00",
        "restaurantHoursSunday": "00:00 - 00:00",
        "nationalStoreNumber": "10407",
        "entityId": "20239",
        "regionId": "30",
        "coOp": "STAMFORD FIELD OFFICE",
        "coOpId": "246",
        "CoOpName": "NEW YORK METRO",
        "driveThru": true,
        "outDoorPlayGround": true,
        "indoorPlayGround": true,
        "breakfast": false,
        "nightMenu": true,
        "timeZone": "(GMT-05:00) Eastern Time (US & Canada)"
      }
    },
    {
      "type": "Feature",
      "geometry": {
        "type": "Point",
        "coordinates": [
          -74.00509,
          40.728794
        ]
      },
      "properties": {
        "shortDescription": "VARICK ST NYC",
        "longDescription": "208 VARICK AND DOWNING STREET",
        "id": "195500329260:en-US",
        "hasIndoorDining": true,
        "isTwentyFourHours": true,
        "addressLine1": "208 Varick St",
        "addressLine3": "New York",
        "addressLine4": "United States",
        "subDivision": "NY",
        "postcode": "10014",
        "customAddress": "New York, NY 10014",
        "telephone": "(646) 483-9817",
        "restaurantHoursMonday": "07:00 - 23:00",
        "restaurantHoursTuesday": "07:00 - 23:00",
        "restaurantHoursWednesday": "07:00 - 23:00",
        "restaurantHoursThursday": "07:00 - 23:00",
        "restaurantHoursFriday": "07:00 - 23:00",
        "restaurantHoursSaturday": "07:00 - 23:00",
        "restaurantHoursSunday": "07:00 - 23:00",
        "nationalStoreNumber": "23318",
        "entityId": "44866",
        "regionId": "30",
        "coOp": "STAMFORD FIELD OFFICE",
        "coOpId": "246",
        "CoOpName": "NEW YORK METRO",
        "driveThru": true,
        "outDoorPlayGround": true,
        "indoorPlayGround": true,
        "breakfast": false,
        "nightMenu": true,
        "timeZone": "(GMT-05:00) Eastern Time (US & Canada)"
      }
    },
    {
      "type": "Feature",
      "geometry": {
        "type": "Point",
        "coordinates": [
          -74.001052,
          40.718587
        ]
      },
      "properties": {
        "shortDescription": "MANHATTAN-CANAL",
        "longDescription": "MANHATTAN-CANAL",
        "id": "195500283562:en-US",
        "hasIndoorDining": true,
        "isTwentyFourHours": false,
        "addressLine1": "262 Canal St",
        "addressLine3": "New York",
        "addressLine4": "United States",
        "subDivision": "NY",
        "postcode": "10013",
        "customAddress": "New York, NY 10013",
        "telephone": "(212) 941-5823",
        "restaurantHoursMonday": "06:30 - 00:00",
        "restaurantHoursTuesday": "06:30 - 00:00",
        "restaurantHoursWednesday": "06:30 - 00:00",
        "restaurantHoursThursday": "06:30 - 00:00",
        "restaurantHoursFriday": "06:30 - 00:00",
        "restaurantHoursSaturday": "06:30 - 00:00",
        "restaurantHoursSunday": "06:30 - 00:00",
        "nationalStoreNumber": "4682",
        "entityId": "19773",
        "regionId": "30",
        "coOp": "STAMFORD FIELD OFFICE",
        "coOpId": "246",
        "CoOpName": "NEW YORK METRO",
        "driveThru": true,
        "outDoorPlayGround": true,
        "indoorPlayGround": true,
        "breakfast": false,
        "nightMenu": true,
        "timeZone": "(GMT-05:00) Eastern Time (US & Canada)"
      }
    },
    {
      "type": "Feature",
      "geometry": {
        "type": "Point",
        "coordinates": [
          -73.985855,
          40.726555
        ]
      },
      "properties": {
        "shortDescription": "MANHATTAN-1ST AV",
        "longDescription": "MANHATTAN-1ST AV",
        "id": "195500282909:en-US",
        "hasIndoorDining": true,
        "isTwentyFourHours": false,
        "addressLine1": "102 1st Ave",
        "addressLine3": "New York",
        "addressLine4": "United States",
        "subDivision": "NY",
        "postcode": "10009",
        "customAddress": "New York, NY 10009",
        "telephone": "(212) 477-9171",
        "restaurantHoursMonday": "07:00 - 00:00",
        "restaurantHoursTuesday": "07:00 - 00:00",
        "restaurantHoursWednesday": "07:00 - 00:00",
        "restaurantHoursThursday": "00:00 - 00:00",
        "restaurantHoursFriday": "00:00 - 00:00",
        "restaurantHoursSaturday": "00:00 - 00:00",
        "restaurantHoursSunday": "07:00 - 00:00",
        "nationalStoreNumber": "4020",
        "entityId": "19592",
        "regionId": "30",
        "coOp": "STAMFORD FIELD OFFICE",
        "coOpId": "246",
        "CoOpName": "NEW YORK METRO",
        "driveThru": true,
        "outDoorPlayGround": true,
        "indoorPlayGround": true,
        "breakfast": false,
        "nightMenu": true,
        "timeZone": "(GMT-05:00) Eastern Time (US & Canada)"
      }
    },
    {
      "type": "Feature",
      "geometry": {
        "type": "Point",
        "coordinates": [
          -73.988281,
          40.71883
        ]
      },
      "properties": {
        "shortDescription": "DELANCY ST",
        "longDescription": "DELANCEY ST",
        "id": "195500285511:en-US",
        "hasIndoorDining": true,
        "isTwentyFourHours": true,
        "addressLine1": "114 Delancey St",
        "addressLine3": "New York",
        "addressLine4": "United States",
        "subDivision": "NY",
        "postcode": "10002",
        "customAddress": "New York, NY 10002",
        "telephone": "(212) 529-9770",
        "restaurantHoursMonday": "00:00 - 00:00",
        "restaurantHoursTuesday": "00:00 - 00:00",
        "restaurantHoursWednesday": "00:00 - 00:00",
        "restaurantHoursThursday": "00:00 - 00:00",
        "restaurantHoursFriday": "00:00 - 00:00",
        "restaurantHoursSaturday": "00:00 - 00:00",
        "restaurantHoursSunday": "00:00 - 00:00",
        "nationalStoreNumber": "20219",
        "entityId": "20625",
        "regionId": "30",
        "coOp": "STAMFORD FIELD OFFICE",
        "coOpId": "246",
        "CoOpName": "NEW YORK METRO",
        "driveThru": true,
        "outDoorPlayGround": true,
        "indoorPlayGround": true,
        "breakfast": false,
        "nightMenu": true,
        "timeZone": "(GMT-05:00) Eastern Time (US & Canada)"
      }
    },
    {
      "type": "Feature",
      "geometry": {
        "type": "Point",
        "coordinates": [
          -74.010736,
          40.716366
        ]
      },
      "properties": {
        "shortDescription": "CHAMBERS ST.",
        "longDescription": "CHAMBERS ST.",
        "id": "195500284712:en-US",
        "hasIndoorDining": false,
        "isTwentyFourHours": true,
        "addressLine1": "167 Chambers St (Chambers & Greenwich)",
        "addressLine3": "New York",
        "addressLine4": "United States",
        "subDivision": "NY",
        "postcode": "10013",
        "customAddress": "New York, NY 10013",
        "telephone": "(212) 608-2405",
        "restaurantHoursMonday": "06:00 - 00:00",
        "restaurantHoursTuesday": "06:00 - 00:00",
        "restaurantHoursWednesday": "06:00 - 00:00",
        "restaurantHoursThursday": "06:00 - 00:00",
        "restaurantHoursFriday": "06:00 - 00:00",
        "restaurantHoursSaturday": "06:00 - 00:00",
        "restaurantHoursSunday": "06:00 - 00:00",
        "nationalStoreNumber": "11163",
        "entityId": "20301",
        "regionId": "30",
        "coOp": "STAMFORD FIELD OFFICE",
        "coOpId": "246",
        "CoOpName": "NEW YORK METRO",
        "driveThru": true,
        "outDoorPlayGround": true,
        "indoorPlayGround": true,
        "breakfast": false,
        "nightMenu": true,
        "timeZone": "(GMT-05:00) Eastern Time (US & Canada)"
      }
    },
    {
      "type": "Feature",
      "geometry": {
        "type": "Point",
        "coordinates": [
          -74.010086,
          40.709438
        ]
      },
      "properties": {
        "shortDescription": "160 BROADWAY",
        "longDescription": "160 BROADWAY",
        "id": "195500284446:en-US",
        "hasIndoorDining": true,
        "isTwentyFourHours": true,
        "addressLine1": "160 Broadway",
        "addressLine3": "New York",
        "addressLine4": "United States",
        "subDivision": "NY",
        "postcode": "10038",
        "customAddress": "New York, NY 10038",
        "telephone": "(212) 385-2066",
        "restaurantHoursMonday": "00:00 - 00:00",
        "restaurantHoursTuesday": "00:00 - 00:00",
        "restaurantHoursWednesday": "00:00 - 00:00",
        "restaurantHoursThursday": "00:00 - 00:00",
        "restaurantHoursFriday": "00:00 - 00:00",
        "restaurantHoursSaturday": "00:00 - 00:00",
        "restaurantHoursSunday": "00:00 - 00:00",
        "nationalStoreNumber": "10528",
        "entityId": "20199",
        "regionId": "30",
        "coOp": "STAMFORD FIELD OFFICE",
        "coOpId": "246",
        "CoOpName": "NEW YORK METRO",
        "driveThru": true,
        "outDoorPlayGround": true,
        "indoorPlayGround": true,
        "breakfast": false,
        "nightMenu": true,
        "timeZone": "(GMT-05:00) Eastern Time (US & Canada)"
      }
    },
    {
      "type": "Feature",
      "geometry": {
        "type": "Point",
        "coordinates": [
          -74.030396,
          40.739906
        ]
      },
      "properties": {
        "shortDescription": "HOBOKEN-WASHNGTN",
        "longDescription": "HOBOKEN-WASHNGTN",
        "id": "195500273730:en-US",
        "hasIndoorDining": true,
        "isTwentyFourHours": false,
        "addressLine1": "234 Washington Street",
        "addressLine3": "Hoboken",
        "addressLine4": "United States",
        "subDivision": "NJ",
        "postcode": "07030",
        "customAddress": "Hoboken, NJ 07030",
        "telephone": "(201) 798-2078",
        "restaurantHoursMonday": "06:00 - 23:00",
        "restaurantHoursTuesday": "06:00 - 23:00",
        "restaurantHoursWednesday": "06:00 - 23:00",
        "restaurantHoursThursday": "06:00 - 23:00",
        "restaurantHoursFriday": "06:00 - 04:00",
        "restaurantHoursSaturday": "06:00 - 04:00",
        "restaurantHoursSunday": "06:00 - 23:00",
        "nationalStoreNumber": "3876",
        "entityId": "18209",
        "regionId": "30",
        "coOp": "STAMFORD FIELD OFFICE",
        "coOpId": "246",
        "CoOpName": "NEW YORK METRO",
        "driveThru": true,
        "outDoorPlayGround": true,
        "indoorPlayGround": true,
        "breakfast": false,
        "nightMenu": true,
        "timeZone": "(GMT-05:00) Eastern Time (US & Canada)"
      }
    },
    {
      "type": "Feature",
      "geometry": {
        "type": "Point",
        "coordinates": [
          -74.0387,
          40.726501
        ]
      },
      "properties": {
        "shortDescription": "NEWPORT CTR",
        "longDescription": "NEWPORT CTR",
        "id": "195500278919:en-US",
        "hasIndoorDining": true,
        "isTwentyFourHours": false,
        "addressLine1": "30 Mall Dr W (Newport Center Mall)",
        "addressLine3": "Jersey City",
        "addressLine4": "United States",
        "subDivision": "NJ",
        "postcode": "07310",
        "customAddress": "Jersey City, NJ 07310",
        "telephone": "(201) 604-3871",
        "restaurantHoursMonday": "08:00 - 21:00",
        "restaurantHoursTuesday": "08:00 - 21:00",
        "restaurantHoursWednesday": "08:00 - 21:00",
        "restaurantHoursThursday": "08:00 - 21:00",
        "restaurantHoursFriday": "08:00 - 22:00",
        "restaurantHoursSaturday": "08:00 - 22:00",
        "restaurantHoursSunday": "08:00 - 21:00",
        "nationalStoreNumber": "18759",
        "entityId": "18783",
        "regionId": "30",
        "coOp": "STAMFORD FIELD OFFICE",
        "coOpId": "246",
        "CoOpName": "NEW YORK METRO",
        "driveThru": true,
        "outDoorPlayGround": true,
        "indoorPlayGround": true,
        "breakfast": false,
        "nightMenu": true,
        "timeZone": "(GMT-05:00) Eastern Time (US & Canada)"
      }
    },
    {
      "type": "Feature",
      "geometry": {
        "type": "Point",
        "coordinates": [
          -73.959017,
          40.70893
        ]
      },
      "properties": {
        "shortDescription": "267 BDWY BRKLYN",
        "longDescription": "267 BDWY BRKLYN",
        "id": "195500286761:en-US",
        "hasIndoorDining": true,
        "isTwentyFourHours": false,
        "addressLine1": "267 Broadway",
        "addressLine3": "Brooklyn",
        "addressLine4": "United States",
        "subDivision": "NY",
        "postcode": "11211",
        "customAddress": "Brooklyn, NY 11211",
        "telephone": "(718) 302-3177",
        "restaurantHoursMonday": "05:30 - 00:00",
        "restaurantHoursTuesday": "05:30 - 00:00",
        "restaurantHoursWednesday": "05:30 - 00:00",
        "restaurantHoursThursday": "00:00 - 00:00",
        "restaurantHoursFriday": "00:00 - 00:00",
        "restaurantHoursSaturday": "00:00 - 00:00",
        "restaurantHoursSunday": "05:30 - 00:00",
        "nationalStoreNumber": "21402",
        "entityId": "21007",
        "regionId": "30",
        "coOp": "STAMFORD FIELD OFFICE",
        "coOpId": "246",
        "CoOpName": "NEW YORK METRO",
        "driveThru": true,
        "outDoorPlayGround": true,
        "indoorPlayGround": true,
        "breakfast": false,
        "nightMenu": true,
        "timeZone": "(GMT-05:00) Eastern Time (US & Canada)"
      }
    },
    {
      "type": "Feature",
      "geometry": {
        "type": "Point",
        "coordinates": [
          -73.991692,
          40.691383
        ]
      },
      "properties": {
        "shortDescription": "BROOKLYN-COURT",
        "longDescription": "BROOKLYN-COURT",
        "id": "195500283500:en-US",
        "hasIndoorDining": true,
        "isTwentyFourHours": true,
        "addressLine1": "82 Court St",
        "addressLine3": "Brooklyn",
        "addressLine4": "United States",
        "subDivision": "NY",
        "postcode": "11201",
        "customAddress": "Brooklyn, NY 11201",
        "telephone": "(929) 450-4962",
        "restaurantHoursMonday": "00:00 - 00:00",
        "restaurantHoursTuesday": "00:00 - 00:00",
        "restaurantHoursWednesday": "00:00 - 00:00",
        "restaurantHoursThursday": "00:00 - 00:00",
        "restaurantHoursFriday": "00:00 - 00:00",
        "restaurantHoursSaturday": "00:00 - 00:00",
        "restaurantHoursSunday": "00:00 - 00:00",
        "nationalStoreNumber": "4705",
        "entityId": "19746",
        "regionId": "30",
        "coOp": "STAMFORD FIELD OFFICE",
        "coOpId": "246",
        "CoOpName": "NEW YORK METRO",
        "driveThru": true,
        "outDoorPlayGround": true,
        "indoorPlayGround": true,
        "breakfast": false,
        "nightMenu": true,
        "timeZone": "(GMT-05:00) Eastern Time (US & Canada)"
      }
    },
    {
      "type": "Feature",
      "geometry": {
        "type": "Point",
        "coordinates": [
          -74.0426,
          40.729858
        ]
      },
      "properties": {
        "shortDescription": "HOLLAND TUNNEL",
        "longDescription": "HOLLAND TUNNEL 197 12TH ST. JERSEY CITY",
        "id": "195500773964:en-US",
        "hasIndoorDining": false,
        "isTwentyFourHours": true,
        "addressLine1": "197 12th St",
        "addressLine3": "Jersey City",
        "addressLine4": "United States",
        "subDivision": "NJ",
        "postcode": "07310",
        "customAddress": "Jersey City, NJ 07310",
        "telephone": "(201) 763-9994",
        "restaurantHoursMonday": "00:00 - 00:00",
        "restaurantHoursTuesday": "00:00 - 00:00",
        "restaurantHoursWednesday": "00:00 - 00:00",
        "restaurantHoursThursday": "00:00 - 00:00",
        "restaurantHoursFriday": "00:00 - 00:00",
        "restaurantHoursSaturday": "00:00 - 00:00",
        "restaurantHoursSunday": "00:00 - 00:00",
        "nationalStoreNumber": "36171",
        "entityId": "200070",
        "regionId": "30",
        "coOp": "STAMFORD FIELD OFFICE",
        "coOpId": "246",
        "CoOpName": "NEW YORK METRO",
        "driveThru": true,
        "outDoorPlayGround": true,
        "indoorPlayGround": true,
        "breakfast": false,
        "nightMenu": true,
        "timeZone": "(GMT-05:00) Eastern Time (US & Canada)"
      }
    },
    {
      "type": "Feature",
      "geometry": {
        "type": "Point",
        "coordinates": [
          -74.043057,
          40.719843
        ]
      },
      "properties": {
        "shortDescription": "JERSEY CY/GROVE",
        "longDescription": "JERSEY CY/GROVE",
        "id": "195500278032:en-US",
        "hasIndoorDining": true,
        "isTwentyFourHours": false,
        "addressLine1": "325 Grove St",
        "addressLine3": "Jersey City",
        "addressLine4": "United States",
        "subDivision": "NJ",
        "postcode": "07303",
        "customAddress": "Jersey City, NJ 07303",
        "telephone": "(201) 434-9051",
        "restaurantHoursMonday": "06:00 - 00:00",
        "restaurantHoursTuesday": "06:00 - 00:00",
        "restaurantHoursWednesday": "06:00 - 00:00",
        "restaurantHoursThursday": "06:00 - 03:00",
        "restaurantHoursFriday": "06:00 - 03:00",
        "restaurantHoursSaturday": "06:00 - 03:00",
        "restaurantHoursSunday": "06:00 - 00:00",
        "nationalStoreNumber": "13654",
        "entityId": "18624",
        "regionId": "30",
        "coOp": "STAMFORD FIELD OFFICE",
        "coOpId": "246",
        "CoOpName": "NEW YORK METRO",
        "driveThru": true,
        "outDoorPlayGround": true,
        "indoorPlayGround": true,
        "breakfast": false,
        "nightMenu": true,
        "timeZone": "(GMT-05:00) Eastern Time (US & Canada)"
      }
    },
    {
      "type": "Feature",
      "geometry": {
        "type": "Point",
        "coordinates": [
          -73.98067,
          40.688963
        ]
      },
      "properties": {
        "shortDescription": "BROOKLYN-395FLTB",
        "longDescription": "395 FLATBUSH EXT BROOKLYN",
        "id": "195500282961:en-US",
        "hasIndoorDining": true,
        "isTwentyFourHours": true,
        "addressLine1": "395 Flatbush Ave Exten",
        "addressLine3": "Brooklyn",
        "addressLine4": "United States",
        "subDivision": "NY",
        "postcode": "11201",
        "customAddress": "Brooklyn, NY 11201",
        "telephone": "(347) 315-3511",
        "restaurantHoursMonday": "00:00 - 00:00",
        "restaurantHoursTuesday": "00:00 - 00:00",
        "restaurantHoursWednesday": "00:00 - 00:00",
        "restaurantHoursThursday": "00:00 - 00:00",
        "restaurantHoursFriday": "00:00 - 00:00",
        "restaurantHoursSaturday": "00:00 - 00:00",
        "restaurantHoursSunday": "00:00 - 00:00",
        "nationalStoreNumber": "4025",
        "entityId": "19611",
        "regionId": "30",
        "coOp": "STAMFORD FIELD OFFICE",
        "coOpId": "246",
        "CoOpName": "NEW YORK METRO",
        "driveThru": true,
        "outDoorPlayGround": true,
        "indoorPlayGround": true,
        "breakfast": false,
        "nightMenu": true,
        "timeZone": "(GMT-05:00) Eastern Time (US & Canada)"
      }
    },
    {
      "type": "Feature",
      "geometry": {
        "type": "Point",
        "coordinates": [
          -74.053314,
          40.717419
        ]
      },
      "properties": {
        "shortDescription": "JERSEY OLD COLNY",
        "longDescription": "JERSEY-OLD COLONY",
        "id": "195500276373:en-US",
        "hasIndoorDining": true,
        "isTwentyFourHours": true,
        "addressLine1": "428 Grand St",
        "addressLine3": "Jersey City",
        "addressLine4": "United States",
        "subDivision": "NJ",
        "postcode": "07303",
        "customAddress": "Jersey City, NJ 07303",
        "telephone": "(551) 529-4053",
        "restaurantHoursMonday": "05:00 - 00:00",
        "restaurantHoursTuesday": "05:00 - 00:00",
        "restaurantHoursWednesday": "05:00 - 00:00",
        "restaurantHoursThursday": "05:00 - 00:00",
        "restaurantHoursFriday": "05:00 - 00:00",
        "restaurantHoursSaturday": "05:00 - 00:00",
        "restaurantHoursSunday": "05:00 - 00:00",
        "nationalStoreNumber": "10074",
        "entityId": "18369",
        "regionId": "30",
        "coOp": "STAMFORD FIELD OFFICE",
        "coOpId": "246",
        "CoOpName": "NEW YORK METRO",
        "driveThru": true,
        "outDoorPlayGround": true,
        "indoorPlayGround": true,
        "breakfast": false,
        "nightMenu": true,
        "timeZone": "(GMT-05:00) Eastern Time (US & Canada)"
      }
    },
    {
      "type": "Feature",
      "geometry": {
        "type": "Point",
        "coordinates": [
          -73.977473,
          40.684713
        ]
      },
      "properties": {
        "shortDescription": "ATLANTIC TERMINA",
        "longDescription": "ATLANTIC TERMINAL",
        "id": "195500343464:en-US",
        "hasIndoorDining": true,
        "isTwentyFourHours": false,
        "addressLine1": "139 Flatbush Ave (Atlantic Terminal)",
        "addressLine3": "Brooklyn",
        "addressLine4": "United States",
        "subDivision": "NY",
        "postcode": "11217",
        "customAddress": "Brooklyn, NY 11217",
        "telephone": "(917) 618-6032",
        "restaurantHoursMonday": "07:00 - 21:00",
        "restaurantHoursTuesday": "07:00 - 21:00",
        "restaurantHoursWednesday": "07:00 - 21:00",
        "restaurantHoursThursday": "07:00 - 21:00",
        "restaurantHoursFriday": "07:00 - 21:00",
        "restaurantHoursSaturday": "07:00 - 21:00",
        "restaurantHoursSunday": "07:00 - 21:00",
        "nationalStoreNumber": "27008",
        "entityId": "148715",
        "regionId": "30",
        "coOp": "STAMFORD FIELD OFFICE",
        "coOpId": "246",
        "CoOpName": "NEW YORK METRO",
        "driveThru": true,
        "outDoorPlayGround": true,
        "indoorPlayGround": true,
        "breakfast": false,
        "nightMenu": true,
        "timeZone": "(GMT-05:00) Eastern Time (US & Canada)"
      }
    },
    {
      "type": "Feature",
      "geometry": {
        "type": "Point",
        "coordinates": [
          -73.943154,
          40.711849
        ]
      },
      "properties": {
        "shortDescription": "GRAND ST BRKLYN",
        "longDescription": "GRAND ST BROOKLYN",
        "id": "195500284774:en-US",
        "hasIndoorDining": true,
        "isTwentyFourHours": false,
        "addressLine1": "741 Grand St",
        "addressLine3": "Brooklyn",
        "addressLine4": "United States",
        "subDivision": "NY",
        "postcode": "11211",
        "customAddress": "Brooklyn, NY 11211",
        "telephone": "(718) 302-2450",
        "restaurantHoursMonday": "06:00 - 23:00",
        "restaurantHoursTuesday": "06:00 - 23:00",
        "restaurantHoursWednesday": "06:00 - 23:00",
        "restaurantHoursThursday": "06:00 - 00:30",
        "restaurantHoursFriday": "06:00 - 00:30",
        "restaurantHoursSaturday": "06:00 - 00:30",
        "restaurantHoursSunday": "06:00 - 23:00",
        "nationalStoreNumber": "11012",
        "entityId": "20314",
        "regionId": "30",
        "coOp": "STAMFORD FIELD OFFICE",
        "coOpId": "246",
        "CoOpName": "NEW YORK METRO",
        "driveThru": true,
        "outDoorPlayGround": true,
        "indoorPlayGround": true,
        "breakfast": false,
        "nightMenu": true,
        "timeZone": "(GMT-05:00) Eastern Time (US & Canada)"
      }
    },
    {
      "type": "Feature",
      "geometry": {
        "type": "Point",
        "coordinates": [
          -74.05078,
          40.743783
        ]
      },
      "properties": {
        "shortDescription": "CENTRAL AVE",
        "longDescription": "CENTRAL AVE",
        "id": "195500746920:en-US",
        "hasIndoorDining": true,
        "isTwentyFourHours": false,
        "addressLine1": "260 Central Ave",
        "addressLine3": "Jersey City",
        "addressLine4": "United States",
        "subDivision": "NJ",
        "postcode": "07307-3067",
        "customAddress": "Jersey City, NJ 07307-3067",
        "telephone": "(201) 418-8506",
        "restaurantHoursMonday": "06:00 - 23:00",
        "restaurantHoursTuesday": "06:00 - 23:00",
        "restaurantHoursWednesday": "06:00 - 23:00",
        "restaurantHoursThursday": "06:00 - 23:00",
        "restaurantHoursFriday": "06:00 - 23:00",
        "restaurantHoursSaturday": "06:00 - 23:00",
        "restaurantHoursSunday": "06:00 - 23:00",
        "nationalStoreNumber": "35671",
        "entityId": "196556",
        "regionId": "30",
        "coOp": "STAMFORD FIELD OFFICE",
        "coOpId": "246",
        "CoOpName": "NEW YORK METRO",
        "driveThru": true,
        "outDoorPlayGround": true,
        "indoorPlayGround": true,
        "breakfast": false,
        "nightMenu": true,
        "timeZone": "(GMT-05:00) Eastern Time (US & Canada)"
      }
    },
    {
      "type": "Feature",
      "geometry": {
        "type": "Point",
        "coordinates": [
          -74.044594,
          40.756408
        ]
      },
      "properties": {
        "shortDescription": "SECAUCUS RD",
        "longDescription": "SECAUCUS RD/JERSEY CITY",
        "id": "195500279077:en-US",
        "hasIndoorDining": true,
        "isTwentyFourHours": false,
        "addressLine1": "737 Secaucus Rd",
        "addressLine3": "Jersey City",
        "addressLine4": "United States",
        "subDivision": "NJ",
        "postcode": "07307",
        "customAddress": "Jersey City, NJ 07307",
        "telephone": "(201) 653-1057",
        "restaurantHoursMonday": "06:00 - 23:00",
        "restaurantHoursTuesday": "06:00 - 23:00",
        "restaurantHoursWednesday": "06:00 - 23:00",
        "restaurantHoursThursday": "06:00 - 23:00",
        "restaurantHoursFriday": "06:00 - 23:00",
        "restaurantHoursSaturday": "06:00 - 23:00",
        "restaurantHoursSunday": "06:00 - 23:00",
        "nationalStoreNumber": "19694",
        "entityId": "18914",
        "regionId": "30",
        "coOp": "STAMFORD FIELD OFFICE",
        "coOpId": "246",
        "CoOpName": "NEW YORK METRO",
        "driveThru": true,
        "outDoorPlayGround": true,
        "indoorPlayGround": true,
        "breakfast": false,
        "nightMenu": true,
        "timeZone": "(GMT-05:00) Eastern Time (US & Canada)"
      }
    },
    {
      "type": "Feature",
      "geometry": {
        "type": "Point",
        "coordinates": [
          -73.943489,
          40.701332
        ]
      },
      "properties": {
        "shortDescription": "BROOKLYN-700BDWY",
        "longDescription": "BROOKLYN-700BDWY",
        "id": "195500283005:en-US",
        "hasIndoorDining": true,
        "isTwentyFourHours": true,
        "addressLine1": "700 Broadway",
        "addressLine3": "Brooklyn",
        "addressLine4": "United States",
        "subDivision": "NY",
        "postcode": "11206",
        "customAddress": "Brooklyn, NY 11206",
        "telephone": "(718) 599-2870",
        "restaurantHoursMonday": "06:00 - 00:00",
        "restaurantHoursTuesday": "06:00 - 00:00",
        "restaurantHoursWednesday": "06:00 - 00:00",
        "restaurantHoursThursday": "06:00 - 00:00",
        "restaurantHoursFriday": "06:00 - 00:00",
        "restaurantHoursSaturday": "06:00 - 00:00",
        "restaurantHoursSunday": "06:00 - 00:00",
        "nationalStoreNumber": "3375",
        "entityId": "19626",
        "regionId": "30",
        "coOp": "STAMFORD FIELD OFFICE",
        "coOpId": "246",
        "CoOpName": "NEW YORK METRO",
        "driveThru": true,
        "outDoorPlayGround": true,
        "indoorPlayGround": true,
        "breakfast": false,
        "nightMenu": true,
        "timeZone": "(GMT-05:00) Eastern Time (US & Canada)"
      }
    },
    {
      "type": "Feature",
      "geometry": {
        "type": "Point",
        "coordinates": [
          -73.966927,
          40.681351
        ]
      },
      "properties": {
        "shortDescription": "ATLANTIC/VANDERB",
        "longDescription": "840 ATLANTIC AVE & VANDERBILT",
        "id": "195500328607:en-US",
        "hasIndoorDining": true,
        "isTwentyFourHours": false,
        "addressLine1": "840 Atlantic Ave",
        "addressLine3": "Brooklyn",
        "addressLine4": "United States",
        "subDivision": "NY",
        "postcode": "11238",
        "customAddress": "Brooklyn, NY 11238",
        "telephone": "(718) 783-5766",
        "restaurantHoursMonday": "06:00 - 23:00",
        "restaurantHoursTuesday": "06:00 - 23:00",
        "restaurantHoursWednesday": "06:00 - 23:00",
        "restaurantHoursThursday": "06:00 - 23:00",
        "restaurantHoursFriday": "06:00 - 23:00",
        "restaurantHoursSaturday": "06:00 - 23:00",
        "restaurantHoursSunday": "06:00 - 23:00",
        "nationalStoreNumber": "23105",
        "entityId": "44360",
        "regionId": "30",
        "coOp": "STAMFORD FIELD OFFICE",
        "coOpId": "246",
        "CoOpName": "NEW YORK METRO",
        "driveThru": true,
        "outDoorPlayGround": true,
        "indoorPlayGround": true,
        "breakfast": false,
        "nightMenu": true,
        "timeZone": "(GMT-05:00) Eastern Time (US & Canada)"
      }
    },
    {
      "type": "Feature",
      "geometry": {
        "type": "Point",
        "coordinates": [
          -74.06469,
          40.731762
        ]
      },
      "properties": {
        "shortDescription": "JOURNAL SQUARE R",
        "longDescription": "JOURNAL SQUARE",
        "id": "195500510255:en-US",
        "hasIndoorDining": true,
        "isTwentyFourHours": true,
        "addressLine1": "2873 John F Kennedy Blvd",
        "addressLine3": "Jersey City",
        "addressLine4": "United States",
        "subDivision": "NJ",
        "postcode": "07306",
        "customAddress": "Jersey City, NJ 07306",
        "telephone": "(201) 610-0029",
        "restaurantHoursMonday": "06:00 - 23:00",
        "restaurantHoursTuesday": "06:00 - 23:00",
        "restaurantHoursWednesday": "06:00 - 23:00",
        "restaurantHoursThursday": "06:00 - 04:00",
        "restaurantHoursFriday": "00:00 - 00:00",
        "restaurantHoursSaturday": "00:00 - 00:00",
        "restaurantHoursSunday": "06:00 - 23:00",
        "nationalStoreNumber": "32721",
        "entityId": "180745",
        "regionId": "30",
        "coOp": "STAMFORD FIELD OFFICE",
        "coOpId": "246",
        "CoOpName": "NEW YORK METRO",
        "driveThru": true,
        "outDoorPlayGround": true,
        "indoorPlayGround": true,
        "breakfast": false,
        "nightMenu": true,
        "timeZone": "(GMT-05:00) Eastern Time (US & Canada)"
      }
    },
    {
      "type": "Feature",
      "geometry": {
        "type": "Point",
        "coordinates": [
          -73.999161,
          40.673519
        ]
      },
      "properties": {
        "shortDescription": "BROOKLYN-HAMILTN",
        "longDescription": "BROOKLYN-HAMILTN",
        "id": "195500283517:en-US",
        "hasIndoorDining": true,
        "isTwentyFourHours": false,
        "addressLine1": "357 Hamilton Ave",
        "addressLine3": "Brooklyn",
        "addressLine4": "United States",
        "subDivision": "NY",
        "postcode": "11231",
        "customAddress": "Brooklyn, NY 11231",
        "telephone": "(718) 624-6688",
        "restaurantHoursMonday": "06:00 - 22:00",
        "restaurantHoursTuesday": "06:00 - 22:00",
        "restaurantHoursWednesday": "06:00 - 22:00",
        "restaurantHoursThursday": "06:00 - 22:00",
        "restaurantHoursFriday": "06:00 - 22:00",
        "restaurantHoursSaturday": "06:00 - 22:00",
        "restaurantHoursSunday": "06:00 - 22:00",
        "nationalStoreNumber": "4344",
        "entityId": "19752",
        "regionId": "30",
        "coOp": "STAMFORD FIELD OFFICE",
        "coOpId": "246",
        "CoOpName": "NEW YORK METRO",
        "driveThru": true,
        "outDoorPlayGround": true,
        "indoorPlayGround": true,
        "breakfast": false,
        "nightMenu": true,
        "timeZone": "(GMT-05:00) Eastern Time (US & Canada)"
      }
    },
    {
      "type": "Feature",
      "geometry": {
        "type": "Point",
        "coordinates": [
          -73.986854,
          40.669625
        ]
      },
      "properties": {
        "shortDescription": "BRKLYN-9TH ST",
        "longDescription": "BRKLYN-9TH ST",
        "id": "195500282947:en-US",
        "hasIndoorDining": true,
        "isTwentyFourHours": false,
        "addressLine1": "289 9th St",
        "addressLine3": "Brooklyn",
        "addressLine4": "United States",
        "subDivision": "NY",
        "postcode": "11215",
        "customAddress": "Brooklyn, NY 11215",
        "telephone": "(718) 832-8600",
        "restaurantHoursMonday": "06:00 - 23:00",
        "restaurantHoursTuesday": "06:00 - 23:00",
        "restaurantHoursWednesday": "06:00 - 23:00",
        "restaurantHoursThursday": "06:00 - 23:00",
        "restaurantHoursFriday": "06:00 - 00:00",
        "restaurantHoursSaturday": "06:00 - 00:00",
        "restaurantHoursSunday": "06:00 - 23:00",
        "nationalStoreNumber": "3363",
        "entityId": "19601",
        "regionId": "30",
        "coOp": "STAMFORD FIELD OFFICE",
        "coOpId": "246",
        "CoOpName": "NEW YORK METRO",
        "driveThru": true,
        "outDoorPlayGround": true,
        "indoorPlayGround": true,
        "breakfast": false,
        "nightMenu": true,
        "timeZone": "(GMT-05:00) Eastern Time (US & Canada)"
      }
    },
    {
      "type": "Feature",
      "geometry": {
        "type": "Point",
        "coordinates": [
          -73.95034,
          40.680573
        ]
      },
      "properties": {
        "shortDescription": "FULTON/NOSTRAND",
        "longDescription": "FULTON & NOSTRAND",
        "id": "195500285429:en-US",
        "hasIndoorDining": true,
        "isTwentyFourHours": false,
        "addressLine1": "1275 Fulton Steet",
        "addressLine3": "Brooklyn",
        "addressLine4": "United States",
        "subDivision": "NY",
        "postcode": "11216",
        "customAddress": "Brooklyn, NY 11216",
        "telephone": "(999) 999-9999",
        "restaurantHoursMonday": "07:00 - 23:00",
        "restaurantHoursTuesday": "07:00 - 23:00",
        "restaurantHoursWednesday": "07:00 - 23:00",
        "restaurantHoursThursday": "07:00 - 23:00",
        "restaurantHoursFriday": "07:00 - 23:00",
        "restaurantHoursSaturday": "07:00 - 23:00",
        "restaurantHoursSunday": "07:00 - 23:00",
        "nationalStoreNumber": "13070",
        "entityId": "20592",
        "regionId": "30",
        "coOp": "STAMFORD FIELD OFFICE",
        "coOpId": "246",
        "CoOpName": "NEW YORK METRO",
        "driveThru": true,
        "outDoorPlayGround": true,
        "indoorPlayGround": true,
        "breakfast": false,
        "nightMenu": true,
        "timeZone": "(GMT-05:00) Eastern Time (US & Canada)"
      }
    },
    {
      "type": "Feature",
      "geometry": {
        "type": "Point",
        "coordinates": [
          -74.078182,
          40.711435
        ]
      },
      "properties": {
        "shortDescription": "390 MARTIN LUTHE",
        "longDescription": "390 MARTIN LUTHER KING DR, JERSEY CITY",
        "id": "195500584959:en-US",
        "hasIndoorDining": true,
        "isTwentyFourHours": false,
        "addressLine1": "390 Martin Luther King Drive",
        "addressLine3": "Jersey City",
        "addressLine4": "United States",
        "subDivision": "NJ",
        "postcode": "07305",
        "customAddress": "Jersey City, NJ 07305",
        "telephone": "(201) 434-2635",
        "restaurantHoursMonday": "06:00 - 23:00",
        "restaurantHoursTuesday": "06:00 - 23:00",
        "restaurantHoursWednesday": "06:00 - 23:00",
        "restaurantHoursThursday": "06:00 - 23:00",
        "restaurantHoursFriday": "06:00 - 23:00",
        "restaurantHoursSaturday": "06:00 - 23:00",
        "restaurantHoursSunday": "06:00 - 23:00",
        "nationalStoreNumber": "33907",
        "entityId": "185888",
        "regionId": "30",
        "coOp": "STAMFORD FIELD OFFICE",
        "coOpId": "246",
        "CoOpName": "NEW YORK METRO",
        "driveThru": true,
        "outDoorPlayGround": true,
        "indoorPlayGround": true,
        "breakfast": false,
        "nightMenu": true,
        "timeZone": "(GMT-05:00) Eastern Time (US & Canada)"
      }
    },
    {
      "type": "Feature",
      "geometry": {
        "type": "Point",
        "coordinates": [
          -73.940102,
          40.680096
        ]
      },
      "properties": {
        "shortDescription": "BROOKLYN-FULTON",
        "longDescription": "BROOKLYN-FULTON",
        "id": "195500283340:en-US",
        "hasIndoorDining": true,
        "isTwentyFourHours": true,
        "addressLine1": "1531 Fulton St",
        "addressLine3": "Brooklyn",
        "addressLine4": "United States",
        "subDivision": "NY",
        "postcode": "11216",
        "customAddress": "Brooklyn, NY 11216",
        "telephone": "(347) 315-0004",
        "restaurantHoursMonday": "00:00 - 00:00",
        "restaurantHoursTuesday": "00:00 - 00:00",
        "restaurantHoursWednesday": "00:00 - 00:00",
        "restaurantHoursThursday": "00:00 - 00:00",
        "restaurantHoursFriday": "00:00 - 00:00",
        "restaurantHoursSaturday": "00:00 - 00:00",
        "restaurantHoursSunday": "00:00 - 00:00",
        "nationalStoreNumber": "4346",
        "entityId": "19697",
        "regionId": "30",
        "coOp": "STAMFORD FIELD OFFICE",
        "coOpId": "246",
        "CoOpName": "NEW YORK METRO",
        "driveThru": true,
        "outDoorPlayGround": true,
        "indoorPlayGround": true,
        "breakfast": false,
        "nightMenu": true,
        "timeZone": "(GMT-05:00) Eastern Time (US & Canada)"
      }
    },
    {
      "type": "Feature",
      "geometry": {
        "type": "Point",
        "coordinates": [
          -73.919655,
          40.699417
        ]
      },
      "properties": {
        "shortDescription": "428 KNICKERBOCKE",
        "longDescription": "428 KNICKERBOCKE",
        "id": "195500286662:en-US",
        "hasIndoorDining": true,
        "isTwentyFourHours": false,
        "addressLine1": "428 Knickerbocker Ave",
        "addressLine3": "Brooklyn",
        "addressLine4": "United States",
        "subDivision": "NY",
        "postcode": "11237",
        "customAddress": "Brooklyn, NY 11237",
        "telephone": "(718) 919-7660",
        "restaurantHoursMonday": "06:00 - 23:00",
        "restaurantHoursTuesday": "06:00 - 23:00",
        "restaurantHoursWednesday": "06:00 - 23:00",
        "restaurantHoursThursday": "06:00 - 23:00",
        "restaurantHoursFriday": "06:00 - 23:00",
        "restaurantHoursSaturday": "06:00 - 23:00",
        "restaurantHoursSunday": "06:00 - 23:00",
        "nationalStoreNumber": "20604",
        "entityId": "20953",
        "regionId": "30",
        "coOp": "STAMFORD FIELD OFFICE",
        "coOpId": "246",
        "CoOpName": "NEW YORK METRO",
        "driveThru": true,
        "outDoorPlayGround": true,
        "indoorPlayGround": true,
        "breakfast": false,
        "nightMenu": true,
        "timeZone": "(GMT-05:00) Eastern Time (US & Canada)"
      }
    },
    {
      "type": "Feature",
      "geometry": {
        "type": "Point",
        "coordinates": [
          -74.084831,
          40.722092
        ]
      },
      "properties": {
        "shortDescription": "JERSY CTY-MALORY",
        "longDescription": "COMMUNIPAW/JERSEY CITY",
        "id": "195500272900:en-US",
        "hasIndoorDining": true,
        "isTwentyFourHours": true,
        "addressLine1": "891 Cummunipaw Ave",
        "addressLine3": "Jersey City",
        "addressLine4": "United States",
        "subDivision": "NJ",
        "postcode": "07304",
        "customAddress": "Jersey City, NJ 07304",
        "telephone": "(973) 453-2660",
        "restaurantHoursMonday": "06:00 - 23:00",
        "restaurantHoursTuesday": "06:00 - 23:00",
        "restaurantHoursWednesday": "06:00 - 23:00",
        "restaurantHoursThursday": "06:00 - 23:00",
        "restaurantHoursFriday": "06:00 - 23:00",
        "restaurantHoursSaturday": "06:00 - 23:00",
        "restaurantHoursSunday": "06:00 - 23:00",
        "nationalStoreNumber": "2286",
        "entityId": "18117",
        "regionId": "30",
        "coOp": "STAMFORD FIELD OFFICE",
        "coOpId": "246",
        "CoOpName": "NEW YORK METRO",
        "driveThru": true,
        "outDoorPlayGround": true,
        "indoorPlayGround": true,
        "breakfast": false,
        "nightMenu": true,
        "timeZone": "(GMT-05:00) Eastern Time (US & Canada)"
      }
    },
    {
      "type": "Feature",
      "geometry": {
        "type": "Point",
        "coordinates": [
          -73.959984,
          40.663731
        ]
      },
      "properties": {
        "shortDescription": "BROOKLYN-EMPIRE",
        "longDescription": "BROOKLYN-EMPIRE",
        "id": "195500284927:en-US",
        "hasIndoorDining": true,
        "isTwentyFourHours": true,
        "addressLine1": "57 Empire Blvd",
        "addressLine3": "Brooklyn",
        "addressLine4": "United States",
        "subDivision": "NY",
        "postcode": "11226",
        "customAddress": "Brooklyn, NY 11226",
        "telephone": "(718) 282-8100",
        "restaurantHoursMonday": "06:00 - 01:00",
        "restaurantHoursTuesday": "06:00 - 01:00",
        "restaurantHoursWednesday": "06:00 - 01:00",
        "restaurantHoursThursday": "06:00 - 01:00",
        "restaurantHoursFriday": "06:00 - 01:00",
        "restaurantHoursSaturday": "06:00 - 01:00",
        "restaurantHoursSunday": "06:00 - 01:00",
        "nationalStoreNumber": "11616",
        "entityId": "20369",
        "regionId": "30",
        "coOp": "STAMFORD FIELD OFFICE",
        "coOpId": "246",
        "CoOpName": "NEW YORK METRO",
        "driveThru": true,
        "outDoorPlayGround": true,
        "indoorPlayGround": true,
        "breakfast": false,
        "nightMenu": true,
        "timeZone": "(GMT-05:00) Eastern Time (US & Canada)"
      }
    },
    {
      "type": "Feature",
      "geometry": {
        "type": "Point",
        "coordinates": [
          -73.909698,
          40.713337
        ]
      },
      "properties": {
        "shortDescription": "METROPOLITAN QNS",
        "longDescription": "5429 METROPOLITAN AVE QUEENS",
        "id": "195500281803:en-US",
        "hasIndoorDining": true,
        "isTwentyFourHours": true,
        "addressLine1": "54-29 Metropolitan Ave",
        "addressLine3": "Ridgewood",
        "addressLine4": "United States",
        "subDivision": "NY",
        "postcode": "11385",
        "customAddress": "Ridgewood, NY 11385",
        "telephone": "(347) 305-0656",
        "restaurantHoursMonday": "00:00 - 00:00",
        "restaurantHoursTuesday": "00:00 - 00:00",
        "restaurantHoursWednesday": "00:00 - 00:00",
        "restaurantHoursThursday": "00:00 - 00:00",
        "restaurantHoursFriday": "00:00 - 00:00",
        "restaurantHoursSaturday": "00:00 - 00:00",
        "restaurantHoursSunday": "00:00 - 00:00",
        "nationalStoreNumber": "2240",
        "entityId": "19365",
        "regionId": "30",
        "coOp": "STAMFORD FIELD OFFICE",
        "coOpId": "246",
        "CoOpName": "NEW YORK METRO",
        "driveThru": true,
        "outDoorPlayGround": true,
        "indoorPlayGround": true,
        "breakfast": false,
        "nightMenu": true,
        "timeZone": "(GMT-05:00) Eastern Time (US & Canada)"
      }
    },
    {
      "type": "Feature",
      "geometry": {
        "type": "Point",
        "coordinates": [
          -73.921887,
          40.689106
        ]
      },
      "properties": {
        "shortDescription": "1366 BROADWAY- B",
        "longDescription": "1380 BROADWAY/BROOKLYN",
        "id": "195500345420:en-US",
        "hasIndoorDining": false,
        "isTwentyFourHours": true,
        "addressLine1": "1380 Broadway",
        "addressLine3": "Brooklyn",
        "addressLine4": "United States",
        "subDivision": "NY",
        "postcode": "11221",
        "customAddress": "Brooklyn, NY 11221",
        "telephone": "(718) 573-8797",
        "restaurantHoursMonday": "06:00 - 00:00",
        "restaurantHoursTuesday": "06:00 - 00:00",
        "restaurantHoursWednesday": "06:00 - 00:00",
        "restaurantHoursThursday": "06:00 - 00:00",
        "restaurantHoursFriday": "06:00 - 00:00",
        "restaurantHoursSaturday": "06:00 - 00:00",
        "restaurantHoursSunday": "06:00 - 00:00",
        "nationalStoreNumber": "27377",
        "entityId": "155916",
        "regionId": "30",
        "coOp": "STAMFORD FIELD OFFICE",
        "coOpId": "246",
        "CoOpName": "NEW YORK METRO",
        "driveThru": true,
        "outDoorPlayGround": true,
        "indoorPlayGround": true,
        "breakfast": false,
        "nightMenu": true,
        "timeZone": "(GMT-05:00) Eastern Time (US & Canada)"
      }
    },
    {
      "type": "Feature",
      "geometry": {
        "type": "Point",
        "coordinates": [
          -73.910468,
          40.699519
        ]
      },
      "properties": {
        "shortDescription": "RIDGEWOOD-MYRTLE",
        "longDescription": "RIDGEWOOD-MYRTLE",
        "id": "195500282091:en-US",
        "hasIndoorDining": true,
        "isTwentyFourHours": true,
        "addressLine1": "54-04 Myrtle Ave",
        "addressLine3": "Ridgewood",
        "addressLine4": "United States",
        "subDivision": "NY",
        "postcode": "11385",
        "customAddress": "Ridgewood, NY 11385",
        "telephone": "(347) 305-4868",
        "restaurantHoursMonday": "00:00 - 00:00",
        "restaurantHoursTuesday": "00:00 - 00:00",
        "restaurantHoursWednesday": "00:00 - 00:00",
        "restaurantHoursThursday": "00:00 - 00:00",
        "restaurantHoursFriday": "00:00 - 00:00",
        "restaurantHoursSaturday": "00:00 - 00:00",
        "restaurantHoursSunday": "00:00 - 00:00",
        "nationalStoreNumber": "2478",
        "entityId": "19434",
        "regionId": "30",
        "coOp": "STAMFORD FIELD OFFICE",
        "coOpId": "246",
        "CoOpName": "NEW YORK METRO",
        "driveThru": true,
        "outDoorPlayGround": true,
        "indoorPlayGround": true,
        "breakfast": false,
        "nightMenu": true,
        "timeZone": "(GMT-05:00) Eastern Time (US & Canada)"
      }
    },
    {
      "type": "Feature",
      "geometry": {
        "type": "Point",
        "coordinates": [
          -74.005402,
          40.653751
        ]
      },
      "properties": {
        "shortDescription": "BROOKLYN-4TH",
        "longDescription": "4TH & 37TH BROOKLYN",
        "id": "195500282206:en-US",
        "hasIndoorDining": true,
        "isTwentyFourHours": false,
        "addressLine1": "968 4th Ave",
        "addressLine3": "Brooklyn",
        "addressLine4": "United States",
        "subDivision": "NY",
        "postcode": "11232",
        "customAddress": "Brooklyn, NY 11232",
        "telephone": "(718) 788-9226",
        "restaurantHoursMonday": "07:00 - 23:00",
        "restaurantHoursTuesday": "07:00 - 23:00",
        "restaurantHoursWednesday": "07:00 - 23:00",
        "restaurantHoursThursday": "07:00 - 23:00",
        "restaurantHoursFriday": "07:00 - 23:00",
        "restaurantHoursSaturday": "07:00 - 23:00",
        "restaurantHoursSunday": "07:00 - 23:00",
        "nationalStoreNumber": "2498",
        "entityId": "19449",
        "regionId": "30",
        "coOp": "STAMFORD FIELD OFFICE",
        "coOpId": "246",
        "CoOpName": "NEW YORK METRO",
        "driveThru": true,
        "outDoorPlayGround": true,
        "indoorPlayGround": true,
        "breakfast": false,
        "nightMenu": true,
        "timeZone": "(GMT-05:00) Eastern Time (US & Canada)"
      }
    },
    {
      "type": "Feature",
      "geometry": {
        "type": "Point",
        "coordinates": [
          -73.922554,
          40.677324
        ]
      },
      "properties": {
        "shortDescription": "1883-1887 ATLANT",
        "longDescription": "1883-1887 ATLANTIC  & RALPH AVE",
        "id": "195500336343:en-US",
        "hasIndoorDining": true,
        "isTwentyFourHours": true,
        "addressLine1": "1883 Atlantic Avenue",
        "addressLine3": "Brooklyn",
        "addressLine4": "United States",
        "subDivision": "NY",
        "postcode": "11207",
        "customAddress": "Brooklyn, NY 11207",
        "telephone": "(718) 953-5864",
        "restaurantHoursMonday": "06:00 - 00:00",
        "restaurantHoursTuesday": "06:00 - 00:00",
        "restaurantHoursWednesday": "06:00 - 00:00",
        "restaurantHoursThursday": "06:00 - 00:00",
        "restaurantHoursFriday": "06:00 - 01:00",
        "restaurantHoursSaturday": "06:00 - 01:00",
        "restaurantHoursSunday": "06:00 - 00:00",
        "nationalStoreNumber": "28112",
        "entityId": "160971",
        "regionId": "30",
        "coOp": "STAMFORD FIELD OFFICE",
        "coOpId": "246",
        "CoOpName": "NEW YORK METRO",
        "driveThru": true,
        "outDoorPlayGround": true,
        "indoorPlayGround": true,
        "breakfast": false,
        "nightMenu": true,
        "timeZone": "(GMT-05:00) Eastern Time (US & Canada)"
      }
    },
    {
      "type": "Feature",
      "geometry": {
        "type": "Point",
        "coordinates": [
          -73.96169,
          40.654762
        ]
      },
      "properties": {
        "shortDescription": "BROOKLYN-PARKSID",
        "longDescription": "BROOKLYN-PARKSID",
        "id": "195500282756:en-US",
        "hasIndoorDining": true,
        "isTwentyFourHours": false,
        "addressLine1": "180 Parkside Ave",
        "addressLine3": "Brooklyn",
        "addressLine4": "United States",
        "subDivision": "NY",
        "postcode": "11226",
        "customAddress": "Brooklyn, NY 11226",
        "telephone": "(718) 282-2289",
        "restaurantHoursMonday": "06:00 - 23:00",
        "restaurantHoursTuesday": "06:00 - 23:00",
        "restaurantHoursWednesday": "06:00 - 23:00",
        "restaurantHoursThursday": "06:00 - 23:00",
        "restaurantHoursFriday": "06:00 - 23:00",
        "restaurantHoursSaturday": "06:00 - 23:00",
        "restaurantHoursSunday": "06:00 - 23:00",
        "nationalStoreNumber": "3391",
        "entityId": "19558",
        "regionId": "30",
        "coOp": "STAMFORD FIELD OFFICE",
        "coOpId": "246",
        "CoOpName": "NEW YORK METRO",
        "driveThru": true,
        "outDoorPlayGround": true,
        "indoorPlayGround": true,
        "breakfast": false,
        "nightMenu": true,
        "timeZone": "(GMT-05:00) Eastern Time (US & Canada)"
      }
    },
    {
      "type": "Feature",
      "geometry": {
        "type": "Point",
        "coordinates": [
          -73.930779,
          40.669163
        ]
      },
      "properties": {
        "shortDescription": "BROOKLYN-EASTERN",
        "longDescription": "BROOKLYN-EASTERN",
        "id": "195500282596:en-US",
        "hasIndoorDining": true,
        "isTwentyFourHours": true,
        "addressLine1": "1133 Eastern Parkway",
        "addressLine3": "Brooklyn",
        "addressLine4": "United States",
        "subDivision": "NY",
        "postcode": "11213",
        "customAddress": "Brooklyn, NY 11213",
        "telephone": "(718) 493-0800",
        "restaurantHoursMonday": "05:00 - 02:00",
        "restaurantHoursTuesday": "05:00 - 02:00",
        "restaurantHoursWednesday": "05:00 - 02:00",
        "restaurantHoursThursday": "05:00 - 02:00",
        "restaurantHoursFriday": "05:00 - 03:00",
        "restaurantHoursSaturday": "05:00 - 03:00",
        "restaurantHoursSunday": "05:00 - 02:00",
        "nationalStoreNumber": "3079",
        "entityId": "19525",
        "regionId": "30",
        "coOp": "STAMFORD FIELD OFFICE",
        "coOpId": "246",
        "CoOpName": "NEW YORK METRO",
        "driveThru": true,
        "outDoorPlayGround": true,
        "indoorPlayGround": true,
        "breakfast": false,
        "nightMenu": true,
        "timeZone": "(GMT-05:00) Eastern Time (US & Canada)"
      }
    },
    {
      "type": "Feature",
      "geometry": {
        "type": "Point",
        "coordinates": [
          -73.987686,
          40.644569
        ]
      },
      "properties": {
        "shortDescription": "BROOKLYN-HAMLTON",
        "longDescription": "BROOKLYN-HAMLTON",
        "id": "195500283289:en-US",
        "hasIndoorDining": true,
        "isTwentyFourHours": false,
        "addressLine1": "3525 Fort Hamilton Pky",
        "addressLine3": "Brooklyn",
        "addressLine4": "United States",
        "subDivision": "NY",
        "postcode": "11218",
        "customAddress": "Brooklyn, NY 11218",
        "telephone": "(718) 285-0617",
        "restaurantHoursMonday": "06:00 - 23:00",
        "restaurantHoursTuesday": "06:00 - 23:00",
        "restaurantHoursWednesday": "06:00 - 23:00",
        "restaurantHoursThursday": "06:00 - 23:00",
        "restaurantHoursFriday": "06:00 - 23:00",
        "restaurantHoursSaturday": "06:00 - 23:00",
        "restaurantHoursSunday": "06:00 - 23:00",
        "nationalStoreNumber": "3880",
        "entityId": "19689",
        "regionId": "30",
        "coOp": "STAMFORD FIELD OFFICE",
        "coOpId": "246",
        "CoOpName": "NEW YORK METRO",
        "driveThru": true,
        "outDoorPlayGround": true,
        "indoorPlayGround": true,
        "breakfast": false,
        "nightMenu": true,
        "timeZone": "(GMT-05:00) Eastern Time (US & Canada)"
      }
    },
    {
      "type": "Feature",
      "geometry": {
        "type": "Point",
        "coordinates": [
          -74.011246,
          40.644005
        ]
      },
      "properties": {
        "shortDescription": "BROOKLYN/FIFTH A",
        "longDescription": "BROOKLYN/FIFTH A",
        "id": "195500285948:en-US",
        "hasIndoorDining": true,
        "isTwentyFourHours": false,
        "addressLine1": "5121 5th Ave",
        "addressLine3": "Brooklyn",
        "addressLine4": "United States",
        "subDivision": "NY",
        "postcode": "11220",
        "customAddress": "Brooklyn, NY 11220",
        "telephone": "(718) 233-6257",
        "restaurantHoursMonday": "07:00 - 23:00",
        "restaurantHoursTuesday": "07:00 - 23:00",
        "restaurantHoursWednesday": "07:00 - 23:00",
        "restaurantHoursThursday": "07:00 - 23:00",
        "restaurantHoursFriday": "07:00 - 23:00",
        "restaurantHoursSaturday": "07:00 - 23:00",
        "restaurantHoursSunday": "07:00 - 23:00",
        "nationalStoreNumber": "17432",
        "entityId": "20774",
        "regionId": "30",
        "coOp": "STAMFORD FIELD OFFICE",
        "coOpId": "246",
        "CoOpName": "NEW YORK METRO",
        "driveThru": true,
        "outDoorPlayGround": true,
        "indoorPlayGround": true,
        "breakfast": false,
        "nightMenu": true,
        "timeZone": "(GMT-05:00) Eastern Time (US & Canada)"
      }
    },
    {
      "type": "Feature",
      "geometry": {
        "type": "Point",
        "coordinates": [
          -73.958168,
          40.648705
        ]
      },
      "properties": {
        "shortDescription": "BROOKLYN-FLATBSH",
        "longDescription": "BROOKLYN-FLATBSH",
        "id": "195500282060:en-US",
        "hasIndoorDining": true,
        "isTwentyFourHours": false,
        "addressLine1": "943 Flatbush Ave",
        "addressLine3": "Brooklyn",
        "addressLine4": "United States",
        "subDivision": "NY",
        "postcode": "11226",
        "customAddress": "Brooklyn, NY 11226",
        "telephone": "(718) 693-5353",
        "restaurantHoursMonday": "06:30 - 00:00",
        "restaurantHoursTuesday": "06:30 - 00:00",
        "restaurantHoursWednesday": "06:30 - 00:00",
        "restaurantHoursThursday": "06:30 - 00:00",
        "restaurantHoursFriday": "06:30 - 01:00",
        "restaurantHoursSaturday": "06:30 - 01:00",
        "restaurantHoursSunday": "06:30 - 00:00",
        "nationalStoreNumber": "2664",
        "entityId": "19428",
        "regionId": "30",
        "coOp": "STAMFORD FIELD OFFICE",
        "coOpId": "246",
        "CoOpName": "NEW YORK METRO",
        "driveThru": true,
        "outDoorPlayGround": true,
        "indoorPlayGround": true,
        "breakfast": false,
        "nightMenu": true,
        "timeZone": "(GMT-05:00) Eastern Time (US & Canada)"
      }
    },
    {
      "type": "Feature",
      "geometry": {
        "type": "Point",
        "coordinates": [
          -73.912406,
          40.669307
        ]
      },
      "properties": {
        "shortDescription": "BROOKLYN-PITKIN",
        "longDescription": "BROOKLYN-PITKIN",
        "id": "195500283418:en-US",
        "hasIndoorDining": true,
        "isTwentyFourHours": false,
        "addressLine1": "1642 Pitkin Ave",
        "addressLine3": "Brooklyn",
        "addressLine4": "United States",
        "subDivision": "NY",
        "postcode": "11212",
        "customAddress": "Brooklyn, NY 11212",
        "telephone": "(718) 484-9413",
        "restaurantHoursMonday": "05:30 - 01:00",
        "restaurantHoursTuesday": "05:30 - 01:00",
        "restaurantHoursWednesday": "05:30 - 01:00",
        "restaurantHoursThursday": "05:30 - 01:00",
        "restaurantHoursFriday": "05:30 - 01:00",
        "restaurantHoursSaturday": "05:30 - 01:00",
        "restaurantHoursSunday": "05:30 - 01:00",
        "nationalStoreNumber": "4027",
        "entityId": "19709",
        "regionId": "30",
        "coOp": "STAMFORD FIELD OFFICE",
        "coOpId": "246",
        "CoOpName": "NEW YORK METRO",
        "driveThru": true,
        "outDoorPlayGround": true,
        "indoorPlayGround": true,
        "breakfast": false,
        "nightMenu": true,
        "timeZone": "(GMT-05:00) Eastern Time (US & Canada)"
      }
    },
    {
      "type": "Feature",
      "geometry": {
        "type": "Point",
        "coordinates": [
          -74.102867,
          40.694359
        ]
      },
      "properties": {
        "shortDescription": "BAYONNE/63RD ST",
        "longDescription": "BAYONNE/63RD ST",
        "id": "195500276953:en-US",
        "hasIndoorDining": true,
        "isTwentyFourHours": false,
        "addressLine1": "157 W 63rd Street",
        "addressLine3": "Bayonne",
        "addressLine4": "United States",
        "subDivision": "NJ",
        "postcode": "07002",
        "customAddress": "Bayonne, NJ 07002",
        "telephone": "(201) 339-3174",
        "restaurantHoursMonday": "06:00 - 00:00",
        "restaurantHoursTuesday": "06:00 - 00:00",
        "restaurantHoursWednesday": "06:00 - 00:00",
        "restaurantHoursThursday": "06:00 - 00:00",
        "restaurantHoursFriday": "06:00 - 00:00",
        "restaurantHoursSaturday": "06:00 - 00:00",
        "restaurantHoursSunday": "06:00 - 00:00",
        "nationalStoreNumber": "11372",
        "entityId": "18456",
        "regionId": "30",
        "coOp": "STAMFORD FIELD OFFICE",
        "coOpId": "246",
        "CoOpName": "NEW YORK METRO",
        "driveThru": true,
        "outDoorPlayGround": true,
        "indoorPlayGround": true,
        "breakfast": false,
        "nightMenu": true,
        "timeZone": "(GMT-05:00) Eastern Time (US & Canada)"
      }
    },
    {
      "type": "Feature",
      "geometry": {
        "type": "Point",
        "coordinates": [
          -73.930542,
          40.656101
        ]
      },
      "properties": {
        "shortDescription": "BRKLYN UTICA",
        "longDescription": "BRKLYN-UTICA",
        "id": "195500283296:en-US",
        "hasIndoorDining": true,
        "isTwentyFourHours": true,
        "addressLine1": "701 Utica Ave",
        "addressLine3": "Brooklyn",
        "addressLine4": "United States",
        "subDivision": "NY",
        "postcode": "11203",
        "customAddress": "Brooklyn, NY 11203",
        "telephone": "(718) 778-0023",
        "restaurantHoursMonday": "06:00 - 02:00",
        "restaurantHoursTuesday": "06:00 - 02:00",
        "restaurantHoursWednesday": "06:00 - 02:00",
        "restaurantHoursThursday": "06:00 - 02:00",
        "restaurantHoursFriday": "06:00 - 02:00",
        "restaurantHoursSaturday": "06:00 - 02:00",
        "restaurantHoursSunday": "06:00 - 02:00",
        "nationalStoreNumber": "3978",
        "entityId": "19691",
        "regionId": "30",
        "coOp": "STAMFORD FIELD OFFICE",
        "coOpId": "246",
        "CoOpName": "NEW YORK METRO",
        "driveThru": true,
        "outDoorPlayGround": true,
        "indoorPlayGround": true,
        "breakfast": false,
        "nightMenu": true,
        "timeZone": "(GMT-05:00) Eastern Time (US & Canada)"
      }
    },
    {
      "type": "Feature",
      "geometry": {
        "type": "Point",
        "coordinates": [
          -73.897746,
          40.677548
        ]
      },
      "properties": {
        "shortDescription": "15 SHEFFIELD AVE",
        "longDescription": "15 SHEFFIELD AVENUE",
        "id": "195500334448:en-US",
        "hasIndoorDining": true,
        "isTwentyFourHours": true,
        "addressLine1": "15 Jamaica Ave",
        "addressLine3": "Brooklyn",
        "addressLine4": "United States",
        "subDivision": "NY",
        "postcode": "11207",
        "customAddress": "Brooklyn, NY 11207",
        "telephone": "(718) 342-7253",
        "restaurantHoursMonday": "06:00 - 23:00",
        "restaurantHoursTuesday": "06:00 - 23:00",
        "restaurantHoursWednesday": "06:00 - 23:00",
        "restaurantHoursThursday": "06:00 - 23:00",
        "restaurantHoursFriday": "06:00 - 23:00",
        "restaurantHoursSaturday": "06:00 - 23:00",
        "restaurantHoursSunday": "06:00 - 23:00",
        "nationalStoreNumber": "25056",
        "entityId": "127344",
        "regionId": "30",
        "coOp": "STAMFORD FIELD OFFICE",
        "coOpId": "246",
        "CoOpName": "NEW YORK METRO",
        "driveThru": true,
        "outDoorPlayGround": true,
        "indoorPlayGround": true,
        "breakfast": false,
        "nightMenu": true,
        "timeZone": "(GMT-05:00) Eastern Time (US & Canada)"
      }
    },
    {
      "type": "Feature",
      "geometry": {
        "type": "Point",
        "coordinates": [
          -73.923203,
          40.652718
        ]
      },
      "properties": {
        "shortDescription": "BROOKLYN/KINGS H",
        "longDescription": "BROOKLYN/KINGS H",
        "id": "195500286105:en-US",
        "hasIndoorDining": true,
        "isTwentyFourHours": true,
        "addressLine1": "5707-13 Church Ave",
        "addressLine3": "Brooklyn",
        "addressLine4": "United States",
        "subDivision": "NY",
        "postcode": "11203",
        "customAddress": "Brooklyn, NY 11203",
        "telephone": "(718) 922-6085",
        "restaurantHoursMonday": "06:00 - 00:00",
        "restaurantHoursTuesday": "06:00 - 00:00",
        "restaurantHoursWednesday": "06:00 - 00:00",
        "restaurantHoursThursday": "06:00 - 00:00",
        "restaurantHoursFriday": "06:00 - 02:00",
        "restaurantHoursSaturday": "06:00 - 02:00",
        "restaurantHoursSunday": "06:00 - 00:00",
        "nationalStoreNumber": "17166",
        "entityId": "20809",
        "regionId": "30",
        "coOp": "STAMFORD FIELD OFFICE",
        "coOpId": "246",
        "CoOpName": "NEW YORK METRO",
        "driveThru": true,
        "outDoorPlayGround": true,
        "indoorPlayGround": true,
        "breakfast": false,
        "nightMenu": true,
        "timeZone": "(GMT-05:00) Eastern Time (US & Canada)"
      }
    },
    {
      "type": "Feature",
      "geometry": {
        "type": "Point",
        "coordinates": [
          -73.880272,
          40.701706
        ]
      },
      "properties": {
        "shortDescription": "QUEENS-COOPER",
        "longDescription": "QUEENS-COOPER",
        "id": "195500282978:en-US",
        "hasIndoorDining": true,
        "isTwentyFourHours": true,
        "addressLine1": "70-02 Cooper Ave",
        "addressLine3": "Glendale",
        "addressLine4": "United States",
        "subDivision": "NY",
        "postcode": "11385",
        "customAddress": "Glendale, NY 11385",
        "telephone": "(718) 497-0722",
        "restaurantHoursMonday": "06:00 - 00:00",
        "restaurantHoursTuesday": "06:00 - 00:00",
        "restaurantHoursWednesday": "06:00 - 00:00",
        "restaurantHoursThursday": "06:00 - 00:00",
        "restaurantHoursFriday": "06:00 - 01:00",
        "restaurantHoursSaturday": "06:00 - 01:00",
        "restaurantHoursSunday": "06:00 - 00:00",
        "nationalStoreNumber": "3344",
        "entityId": "19614",
        "regionId": "30",
        "coOp": "STAMFORD FIELD OFFICE",
        "coOpId": "246",
        "CoOpName": "NEW YORK METRO",
        "driveThru": true,
        "outDoorPlayGround": true,
        "indoorPlayGround": true,
        "breakfast": false,
        "nightMenu": true,
        "timeZone": "(GMT-05:00) Eastern Time (US & Canada)"
      }
    },
    {
      "type": "Feature",
      "geometry": {
        "type": "Point",
        "coordinates": [
          -73.968124,
          40.635811
        ]
      },
      "properties": {
        "shortDescription": "CONEY ISLAND",
        "longDescription": "CONEY ISLAND",
        "id": "195500285412:en-US",
        "hasIndoorDining": true,
        "isTwentyFourHours": false,
        "addressLine1": "880 Coney Island Avenue",
        "addressLine3": "Brooklyn",
        "addressLine4": "United States",
        "subDivision": "NY",
        "postcode": "11218",
        "customAddress": "Brooklyn, NY 11218",
        "telephone": "(718) 285-0645",
        "restaurantHoursMonday": "07:00 - 23:00",
        "restaurantHoursTuesday": "07:00 - 23:00",
        "restaurantHoursWednesday": "07:00 - 23:00",
        "restaurantHoursThursday": "07:00 - 23:00",
        "restaurantHoursFriday": "07:00 - 23:00",
        "restaurantHoursSaturday": "07:00 - 23:00",
        "restaurantHoursSunday": "07:00 - 23:00",
        "nationalStoreNumber": "13068",
        "entityId": "20591",
        "regionId": "30",
        "coOp": "STAMFORD FIELD OFFICE",
        "coOpId": "246",
        "CoOpName": "NEW YORK METRO",
        "driveThru": true,
        "outDoorPlayGround": true,
        "indoorPlayGround": true,
        "breakfast": false,
        "nightMenu": true,
        "timeZone": "(GMT-05:00) Eastern Time (US & Canada)"
      }
    },
    {
      "type": "Feature",
      "geometry": {
        "type": "Point",
        "coordinates": [
          -74.027039,
          40.633682
        ]
      },
      "properties": {
        "shortDescription": "7118-7124 3RD AV",
        "longDescription": "7118-7124 3RD AV",
        "id": "195500286594:en-US",
        "hasIndoorDining": true,
        "isTwentyFourHours": false,
        "addressLine1": "7124 3rd Ave",
        "addressLine3": "Brooklyn",
        "addressLine4": "United States",
        "subDivision": "NY",
        "postcode": "11209",
        "customAddress": "Brooklyn, NY 11209",
        "telephone": "(718) 491-0223",
        "restaurantHoursMonday": "06:00 - 23:00",
        "restaurantHoursTuesday": "06:00 - 23:00",
        "restaurantHoursWednesday": "06:00 - 23:00",
        "restaurantHoursThursday": "06:00 - 23:00",
        "restaurantHoursFriday": "06:00 - 00:00",
        "restaurantHoursSaturday": "06:00 - 00:00",
        "restaurantHoursSunday": "06:00 - 23:00",
        "nationalStoreNumber": "20200",
        "entityId": "20934",
        "regionId": "30",
        "coOp": "STAMFORD FIELD OFFICE",
        "coOpId": "246",
        "CoOpName": "NEW YORK METRO",
        "driveThru": true,
        "outDoorPlayGround": true,
        "indoorPlayGround": true,
        "breakfast": false,
        "nightMenu": true,
        "timeZone": "(GMT-05:00) Eastern Time (US & Canada)"
      }
    },
    {
      "type": "Feature",
      "geometry": {
        "type": "Point",
        "coordinates": [
          -73.890678,
          40.676235
        ]
      },
      "properties": {
        "shortDescription": "BROOKLYN-ATLANTC",
        "longDescription": "BROOKLYN-ATLANTC",
        "id": "195500283241:en-US",
        "hasIndoorDining": true,
        "isTwentyFourHours": true,
        "addressLine1": "2800 Atlantic Ave",
        "addressLine3": "Brooklyn",
        "addressLine4": "United States",
        "subDivision": "NY",
        "postcode": "11207-2628",
        "customAddress": "Brooklyn, NY 11207-2628",
        "telephone": "(347) 505-8613",
        "restaurantHoursMonday": "00:00 - 00:00",
        "restaurantHoursTuesday": "00:00 - 00:00",
        "restaurantHoursWednesday": "00:00 - 00:00",
        "restaurantHoursThursday": "00:00 - 00:00",
        "restaurantHoursFriday": "00:00 - 00:00",
        "restaurantHoursSaturday": "00:00 - 00:00",
        "restaurantHoursSunday": "00:00 - 00:00",
        "nationalStoreNumber": "3839",
        "entityId": "19681",
        "regionId": "30",
        "coOp": "STAMFORD FIELD OFFICE",
        "coOpId": "246",
        "CoOpName": "NEW YORK METRO",
        "driveThru": true,
        "outDoorPlayGround": true,
        "indoorPlayGround": true,
        "breakfast": false,
        "nightMenu": true,
        "timeZone": "(GMT-05:00) Eastern Time (US & Canada)"
      }
    }
  ]
}
